lat,lon
43.04442,-87.97794
43.0139,-88.02721
43.07323,-87.92145
42.97363,-87.99286
42.99482,-87.95856
43.10151,-87.88753
43.10996,-88.00585
43.02374,-88.00746
42.94951,-87.9292
43.02311,-87.91846
43.04987,-87.8935
43.07275,-87.90517
42.93349,-87.84947
43.03856,-88.02714
43.07532,-87.97713
43.02635,-88.01753
43.01286,-88.01696
43.03861,-87.94066
43.02614,-87.91094
43.06192,-87.90527
43.0166,-88.04426
42.98829,-87.88332
43.15588,-88.00478
43.0752,-88.03281
43.04715,-88.01232
43.05448,-87.95751
43.09883,-87.94672
43.00025,-88.03576
43.06056,-87.96788
43.05028,-88.00921
43.04806,-87.89717
43.04448,-87.93377
43.06583,-87.89798
43.10398,-87.91677
43.06542,-87.94472
43.10476,-87.95975
43.10563,-87.90694
42.97104,-88.01784
42.97263,-87.93905
42.9952,-88.04619
43.07529,-87.96189
43.0137,-87.99761
42.98119,-87.8945
43.10483,-87.96672
42.98839,-87.90158
43.05613,-87.96458
43.11057,-88.00635
43.05273,-87.9298
43.01052,-87.94377
43.10508,-88.02734
42.99188,-88.00738
43.09801,-87.94791
43.08264,-87.95729
43.00647,-87.93839
42.95909,-87.85282
43.07522,-87.99056
43.08962,-87.96684
43.01238,-87.91831
42.96904,-87.93904
43.0471,-87.92258
43.05505,-88.01986
43.10104,-87.88733
42.97737,-87.93871
43.0641,-87.9474
43.03888,-87.92019
42.98808,-87.96971
42.96857,-88.04796
43.00285,-87.90105
43.01689,-87.93094
42.96281,-87.90984
43.00288,-87.89843
43.00293,-88.01747
43.01235,-87.91079
43.01443,-87.92562
43.01222,-87.95759
43.0864,-87.95009
43.06045,-87.89784
43.07536,-88.01734
43.03875,-87.91763
43.06182,-87.89783
43.00293,-87.9283
43.0029,-87.95781
42.91946,-87.85889
43.08984,-87.94192
43.17205,-87.91225
43.07117,-87.90014
42.95931,-87.91295
43.1123,-88.04592
43.0008,-88.04719
43.03853,-87.92456
43.14895,-88.0056
42.96675,-87.87964
43.07469,-87.90292
42.95956,-87.95128
42.95893,-87.87011
43.05278,-87.94007
42.92905,-87.93657
42.96156,-87.9194
43.09567,-87.98703
43.00201,-87.94648
43.0901,-88.00168
43.05132,-87.99441
42.95935,-88.03339
43.0895,-88.03725
43.06808,-87.99185
43.0619,-88.04748
42.94923,-87.90991
43.1751,-87.91286
42.98402,-87.90631
43.06087,-87.94746
42.89896,-87.91298
42.95697,-87.92901
42.95959,-87.87821
43.11608,-88.05546
43.02401,-87.94764
43.1101,-88.05538
43.05028,-87.98764
43.07368,-87.98745
43.04437,-87.96094
43.00284,-87.90441
43.04359,-87.98652
43.09014,-87.99188
43.0496,-88.00828
43.05826,-87.91408
43.055,-87.91415
43.08506,-87.92588
43.10482,-87.98594
42.95926,-87.97876
43.17836,-88.01568
43.07477,-88.04074
42.9593,-88.03646
43.01012,-87.97938
42.99942,-87.90493
42.98315,-87.91913
43.0429,-87.9031
43.12764,-87.93741
43.07839,-87.96118
43.0709,-87.8829
43.01699,-87.95246
43.11197,-87.95875
43.12994,-87.9526
43.04467,-87.95266
43.1342,-88.02522
43.06033,-87.9576
43.05694,-87.88861
43.05004,-87.98746
43.11189,-87.94974
43.0982,-87.98659
43.08929,-87.88231
43.07465,-87.91385
43.11871,-87.92896
43.00264,-88.02448
43.08184,-87.87806
43.06788,-87.96476
43.01975,-88.01713
43.08323,-87.96742
43.05981,-88.0634
43.01375,-88.04698
43.11947,-88.01866
43.08386,-87.9475
43.07305,-88.0274
43.11006,-87.91697
43.03879,-87.93525
43.03909,-87.90178
43.10631,-88.01809
43.08941,-87.93609
42.99415,-87.93848
43.15573,-88.02511
43.05459,-88.019
43.06922,-87.91396
43.06173,-87.89799
42.98129,-87.93885
43.04864,-87.95555
43.08274,-87.99515
42.89902,-87.91328
43.0818,-87.91873
43.0009,-87.89503
43.04601,-87.96525
42.95193,-88.00298
43.01691,-87.93305
43.11188,-87.96665
43.0049,-87.98754
43.00299,-87.93319
43.12477,-88.02596
42.97011,-87.99816
42.94482,-87.98823
43.10656,-87.961
43.10229,-87.94558
42.98832,-88.05034
43.18507,-88.0077
43.09689,-88.02657
43.03283,-87.95786
42.98841,-88.01279
43.04869,-87.94507
43.07751,-87.87827
42.98269,-87.92882
42.98666,-87.8706
43.17463,-87.98446
42.9347,-87.86085
43.12351,-87.91543
43.0899,-88.02239
43.0676,-87.91074
42.94502,-87.93934
43.04169,-87.91912
43.18425,-88.00418
43.04418,-87.93177
43.14384,-88.02507
43.11931,-87.9609
43.12672,-88.0057
42.93978,-87.93915
42.98678,-87.87046
43.0357,-88.05276
42.97926,-87.92908
42.96203,-87.8847
43.0087,-87.9875
42.95943,-88.00944
43.11618,-87.98632
43.14942,-87.91426
43.00249,-88.03101
42.98831,-88.05447
43.06057,-87.94084
42.96681,-87.99829
43.11934,-88.05452
42.97869,-87.98461
42.98843,-88.00737
43.09684,-87.98569
42.97191,-87.87417
42.9061,-87.86507
43.09116,-87.89638
43.06005,-87.88957
42.99542,-87.91885
43.07512,-87.93714
43.003,-87.95566
43.08213,-87.91914
43.07166,-87.94738
43.06051,-88.03175
43.06375,-87.87819
43.03859,-87.93571
43.01653,-87.99995
43.07771,-87.8824
43.05774,-87.9673
43.08976,-88.00203
43.04237,-87.96792
43.14893,-87.98568
42.95937,-87.8898
42.97099,-87.99757
42.90439,-87.85202
43.06027,-87.92783
43.11636,-87.99114
43.10479,-88.01564
43.00296,-87.99433
43.09443,-88.00737
43.06016,-88.05854
43.01684,-87.95531
42.99876,-88.04678
43.08923,-87.92612
43.17067,-88.00436
43.09529,-87.94438
43.07532,-87.97466
42.98349,-88.02773
42.97438,-87.87536
42.92358,-87.87079
43.06953,-87.92148
43.07364,-88.00758
43.04841,-87.92704
43.00314,-87.95521
43.06061,-87.87984
42.91515,-87.87586
42.98847,-88.00788
42.90171,-87.85211
43.03506,-87.93307
42.9484,-88.00874
43.0032,-87.95039
43.06232,-87.87818
43.04705,-87.92705
42.9736,-88.00767
43.03214,-88.02753
43.08788,-88.02786
42.99753,-87.92849
42.99389,-87.99785
43.01681,-87.96209
43.08766,-88.02756
43.03666,-88.06688
42.99309,-87.96099
42.98876,-87.94837
43.01122,-88.00982
43.06741,-87.94759
43.00666,-87.92613
43.18632,-87.96363
43.02263,-87.94207
42.96918,-87.98798
43.07068,-87.93033
43.06259,-88.00736
42.98004,-87.98306
43.1343,-88.00204
42.90449,-87.87181
42.95994,-87.86202
43.00726,-88.02286
43.11898,-87.95666
42.98794,-88.03805
43.05037,-88.00723
42.92526,-87.91477
43.05263,-87.91831
43.0897,-87.95235
43.10453,-87.93974
43.00918,-87.93305
43.02127,-87.9114
43.04537,-87.91085
42.96561,-87.92924
43.10843,-87.96667
42.98825,-87.98762
43.0166,-88.0382
43.11834,-88.03292
42.95415,-87.98872
43.04604,-87.95778
43.11596,-88.02614
43.08081,-88.02782
43.04008,-87.92708
43.00296,-87.9838
42.99029,-88.01773
43.05463,-87.9578
42.92496,-87.85994
43.03884,-87.93269
42.96096,-87.98866
43.02336,-87.91807
43.0563,-87.96455
43.07966,-88.06627
43.13679,-87.96574
43.17767,-88.00505
43.06084,-88.00733
43.01928,-87.93314
43.0488,-87.94795
43.00298,-87.90382
42.9907,-87.99782
43.12276,-87.98617
43.14308,-88.0053
43.08992,-87.94813
42.95818,-87.85007
43.00316,-87.95282
42.98824,-87.99021
43.04147,-87.94763
42.97415,-87.92897
43.15828,-87.9126
43.01345,-87.91833
42.97187,-87.91935
43.10777,-88.01932
43.11582,-87.96652
43.01897,-87.91832
43.07638,-87.89757
43.06221,-87.91428
42.97826,-87.95175
42.94469,-88.00377
43.12942,-87.96588
43.02959,-88.00336
43.02618,-88.00006
43.15279,-88.02515
42.92988,-87.87666
42.96476,-87.86864
43.15112,-87.95768
42.90019,-87.91619
43.08983,-88.03256
43.1414,-87.95481
42.98666,-87.92893
43.08655,-87.92124
43.0629,-87.97732
43.0168,-87.99301
42.98485,-87.94809
43.03455,-88.01631
42.98283,-87.93858
43.06012,-88.06282
43.03887,-87.96142
42.9518,-87.93889
42.99207,-87.91905
42.93034,-87.91012
43.0346,-88.04237
43.04847,-87.94761
42.97377,-87.88495
43.08997,-87.96685
43.04347,-87.99732
43.1337,-87.98598
43.04251,-87.97013
43.04326,-87.99752
42.95914,-87.92496
43.07712,-88.04806
43.08947,-87.92254
43.00818,-87.91858
43.04565,-88.02057
42.98851,-87.96035
42.95191,-87.91591
43.05247,-88.06673
43.06742,-87.90558
42.9378,-87.94945
43.12333,-88.00628
42.98857,-87.97762
43.03857,-88.03005
43.05255,-87.9404
43.10485,-87.98867
42.99124,-88.04726
42.98839,-87.93355
43.11878,-87.96599
42.99134,-87.94847
42.99775,-87.91893
43.11869,-87.92677
43.08102,-87.94713
43.11227,-88.02579
43.01695,-87.93344
43.04845,-87.93376
43.02731,-88.02713
43.07297,-87.883
43.17068,-88.00483
43.04606,-88.02008
42.98774,-87.90976
43.04865,-87.92756
43.11859,-87.9071
42.98869,-87.94563
42.97905,-87.92889
43.01707,-87.98756
42.99162,-87.90426
43.11195,-87.98657
43.02379,-88.00693
42.94443,-87.84982
43.06798,-87.98545
43.11214,-87.94245
43.06039,-88.02521
43.00134,-88.02535
43.00124,-87.90293
43.08926,-87.8922
43.01029,-87.96025
43.0416,-87.91576
43.08908,-87.8803
43.11221,-88.02178
43.18315,-88.02756
42.96262,-87.87984
43.01047,-87.95783
43.16307,-87.9627
43.06557,-87.9453
43.02432,-87.94794
42.9435,-88.00042
42.99179,-87.93852
43.03483,-88.00755
42.98803,-87.88758
42.94074,-87.87983
43.10478,-87.95305
43.02206,-87.94799
43.13397,-88.00556
42.97359,-88.01793
43.11955,-87.99096
43.06069,-87.96448
43.02615,-87.98576
43.00275,-87.92621
43.06808,-87.98507
43.09322,-88.00695
43.06358,-87.88794
43.1123,-88.01447
43.07094,-87.91379
43.06795,-87.98237
42.98146,-87.94856
43.11263,-88.02568
43.08125,-87.94725
43.00295,-87.99898
42.95923,-87.85259
42.95955,-87.94839
43.08944,-87.89499
43.00273,-88.00769
43.03067,-87.99852
43.05248,-88.01179
43.03905,-87.90345
43.1133,-87.90702
43.04151,-87.95759
43.0924,-87.94008
43.13587,-88.00602
42.96167,-87.93869
42.90353,-87.92002
43.1045,-87.95693
42.90355,-87.92017
43.09134,-87.95692
42.9936,-87.99744
43.11576,-87.986
43.05245,-87.91455
43.07501,-88.01771
43.1769,-87.91354
42.97448,-87.99146
42.92897,-87.9304
42.94802,-87.87978
43.07674,-87.93865
42.92987,-87.86071
43.06052,-87.98743
43.01705,-87.94756
42.95494,-87.84998
43.02648,-87.9183
43.1693,-87.91179
42.93653,-87.93955
42.95149,-87.87973
43.01672,-88.00704
43.06022,-87.92191
42.95926,-87.97622
43.07111,-87.89009
43.03466,-88.04738
42.98816,-87.90465
43.15317,-87.95833
43.04572,-87.9576
43.04435,-87.94794
43.06793,-88.01733
42.98855,-87.95546
43.11223,-87.99585
43.06804,-88.00978
43.02332,-87.9183
43.04865,-87.96831
43.08176,-88.04759
43.16238,-87.91179
42.9809,-87.92886
43.17048,-87.9848
42.98803,-87.88331
43.00279,-88.01719
43.01698,-87.95481
43.09175,-88.00697
43.05526,-87.91431
43.08879,-88.06475
43.06726,-87.87796
43.04391,-87.98112
43.01315,-88.04653
43.06454,-87.98762
43.13428,-88.01051
43.079,-87.92127
43.06049,-87.92668
43.0101,-87.93301
43.0371,-87.91759
42.91255,-87.86072
42.95225,-88.00647
42.95949,-87.97583
43.15856,-87.98494
42.98637,-88.02729
43.07351,-87.95744
43.13376,-87.96617
43.03885,-88.00207
43.0889,-87.91732
43.03891,-87.94761
43.14761,-87.95654
43.09718,-88.01713
43.0894,-87.91175
43.07494,-87.98742
43.04618,-87.99767
43.03883,-87.91285
43.10483,-87.96013
43.01024,-87.98249
43.01033,-87.95052
43.09442,-87.98171
43.08411,-87.90505
43.13401,-88.04374
43.0488,-87.96182
42.98499,-87.95826
43.01714,-87.92096
43.08415,-87.95728
42.96273,-87.92929
43.05404,-87.91875
42.98575,-87.91449
43.04225,-88.02613
43.0501,-87.92726
43.17391,-87.96266
43.03634,-87.95782
43.06044,-87.92162
43.09372,-87.94179
43.11854,-87.904
43.11973,-88.00959
43.14431,-87.9133
43.00299,-87.98987
42.93479,-87.91008
43.07165,-87.93205
43.04044,-87.95785
42.99577,-87.91232
43.1037,-87.889
43.1035,-87.90701
43.03892,-87.91877
43.11938,-88.05163
43.0944,-88.00792
42.93917,-87.84984
43.07563,-87.9371
42.94156,-87.85003
43.01167,-87.911
43.0354,-88.05316
43.11207,-87.97858
43.09518,-87.92599
43.01655,-87.93283
43.00276,-87.92146
43.04712,-87.99979
42.96938,-87.98835
43.03876,-87.99773
43.07552,-87.99717
43.04701,-88.01265
42.9882,-88.04274
43.01527,-87.95769
43.10849,-88.00584
43.06747,-87.90303
43.08593,-87.90567
43.036,-87.95765
43.10431,-87.93957
43.01013,-87.96512
43.01293,-88.00009
43.11818,-87.9168
43.16297,-87.96331
43.05112,-87.99453
43.02,-88.0469
42.95956,-87.95359
42.99217,-87.95826
42.97552,-87.9387
42.98823,-88.04537
43.10443,-87.9693
43.0062,-88.01711
43.06232,-87.95742
43.12637,-87.95236
42.97436,-87.91927
43.01523,-87.95742
43.11478,-88.04591
43.01439,-87.91856
42.97038,-87.99787
43.07893,-87.95718
43.04442,-87.95803
43.09732,-87.99174
42.94371,-88.00189
43.08965,-87.96745
43.10489,-87.98367
43.06551,-87.90525
43.00325,-87.94444
42.97171,-87.87378
43.02927,-87.91247
43.0085,-87.93327
42.9826,-87.90693
43.13777,-88.02521
43.11929,-87.95849
43.06051,-87.97265
42.9029,-87.86564
43.1269,-88.0259
42.96464,-87.87964
42.94512,-87.94926
43.12321,-87.99112
43.0002,-87.90206
43.0855,-87.96696
43.0564,-87.91411
43.07478,-87.87874
43.07482,-88.03783
42.98492,-88.00797
43.11254,-88.02618
43.03871,-87.90611
43.11198,-87.96104
43.13978,-87.91337
43.0605,-87.94787
43.0172,-87.92551
43.03733,-87.91885
43.05374,-87.91416
43.00294,-87.93843
43.10509,-88.02077
43.04569,-88.05366
43.06798,-88.00785
43.08929,-87.88486
42.97814,-87.94858
43.07551,-88.00762
42.9498,-87.8601
43.04602,-87.94794
43.00477,-87.94156
43.06048,-87.95742
42.93072,-87.94916
43.04904,-87.97908
43.09012,-88.00749
43.08292,-87.92133
43.14834,-87.96322
43.01843,-88.00757
43.07523,-87.98668
42.92127,-87.85925
43.01252,-87.95777
42.95197,-87.94862
43.148,-87.96569
43.06068,-87.99588
42.95914,-87.92945
42.97657,-87.99777
43.06619,-87.87815
43.00087,-87.99736
43.04386,-88.01309
43.08919,-87.92291
43.0561,-87.88749
43.12152,-87.96631
43.17796,-88.02409
42.9884,-87.89909
42.92147,-87.85948
43.05402,-87.92711
43.01462,-87.99468
42.96835,-88.00843
43.03889,-88.00696
43.03872,-87.90889
43.00263,-87.99731
43.0314,-88.00706
43.01625,-88.05486
43.032,-87.99727
43.07146,-87.92145
43.01036,-87.94827
43.0709,-87.87791
43.11952,-87.93518
42.96548,-87.9983
43.05274,-87.92684
43.03708,-87.91597
42.99558,-88.00733
43.10849,-87.94853
43.01723,-87.9113
43.01079,-88.01286
43.00016,-88.03537
42.98844,-87.95077
42.98086,-87.89432
43.00281,-87.99251
43.01222,-88.02727
43.01212,-88.00505
43.04785,-87.89524
43.06754,-88.04757
43.04822,-87.9142
43.04925,-87.89811
43.10816,-87.93198
43.01252,-87.94345
43.0657,-87.92891
43.16228,-87.98506
43.06008,-87.8922
43.07474,-87.91122
43.10471,-87.95645
43.01686,-87.94252
43.14825,-87.95636
43.14124,-88.00537
43.0578,-87.92688
43.06367,-87.89775
42.92148,-87.87092
42.97763,-87.92912
43.09923,-87.94683
43.0026,-88.02693
43.00296,-87.93102
43.06403,-87.91426
43.15194,-88.00552
43.09701,-87.94665
43.0605,-88.0373
43.04078,-87.89923
42.92515,-87.91021
42.93742,-87.93916
43.00111,-87.95785
43.04804,-87.89916
43.0659,-87.92153
43.07519,-87.93962
43.13687,-87.91336
43.05255,-88.00973
43.06062,-87.94239
43.05042,-87.90333
43.08904,-87.89744
43.02764,-87.98515
42.93013,-87.8749
43.09378,-87.98665
43.08958,-88.02284
43.06415,-87.97971
43.08774,-87.93773
43.13396,-88.0158
43.08977,-87.98341
43.14654,-87.98565
42.9122,-87.92108
43.09701,-88.00951
43.03252,-88.04742
43.07529,-87.95491
43.07513,-87.94504
43.0897,-87.91712
43.00293,-87.95818
43.03874,-87.92068
43.06372,-87.90525
43.07781,-87.88794
43.09186,-88.02787
43.01682,-87.98809
42.98257,-87.89446
43.0233,-87.92922
43.02145,-87.95758
43.00288,-88.01264
42.95953,-87.9852
42.98807,-88.01529
42.9812,-88.02788
43.06715,-88.0476
43.00306,-87.90484
43.06054,-87.97025
42.97199,-87.99593
43.13812,-87.9537
43.02039,-87.97034
43.10224,-87.90576
43.003,-87.99207
43.09359,-87.96718
42.96281,-87.92968
43.04852,-87.95775
42.98849,-87.99754
43.07286,-87.91393
43.00314,-87.95774
43.04212,-88.01375
43.17794,-88.01989
43.04541,-88.05413
42.91544,-87.91064
42.9935,-87.89217
43.01684,-87.9481
43.17784,-87.97441
43.0048,-87.91883
43.03889,-87.98375
42.99388,-88.04721
43.03593,-87.93322
43.08225,-88.02752
42.8997,-87.8522
42.9847,-87.95799
43.04581,-87.89756
43.01702,-87.95014
43.02545,-87.91814
43.04568,-87.91127
43.11918,-87.98634
43.09,-87.95585
42.95204,-87.98851
42.9595,-87.87693
43.00301,-87.93539
42.95184,-87.92918
43.01709,-87.92515
43.06391,-87.9287
43.00462,-87.98736
42.98316,-87.9388
42.95929,-87.9819
43.06426,-87.9874
43.0484,-88.01093
43.07595,-87.87809
43.06756,-87.90269
43.07128,-87.89789
43.04419,-87.93807
43.16739,-87.91221
43.11193,-87.97904
43.06024,-87.89764
43.064,-87.88822
43.11206,-87.94373
43.11168,-87.9631
43.07311,-87.93184
43.08261,-87.99237
43.01661,-88.02908
43.05537,-87.89014
42.93318,-87.86084
43.0295,-87.91268
43.068,-87.98981
43.1119,-87.96164
43.03515,-87.90888
43.06462,-88.00759
43.01714,-87.94804
42.98821,-87.90433
43.14158,-88.00592
43.05436,-87.95548
43.04038,-87.91921
43.05339,-87.96372
43.08576,-87.96738
43.01489,-88.00711
43.06797,-87.95728
43.06768,-87.9212
43.00146,-87.92861
43.01696,-87.93651
42.92989,-87.88027
43.04469,-87.95499
43.0447,-87.95815
42.99208,-87.88732
43.04147,-88.01991
43.11946,-87.98347
42.92124,-87.91038
43.0487,-87.94745
42.88716,-87.91235
43.02842,-87.98563
43.039,-87.92295
42.95412,-87.91946
43.01635,-88.0295
43.03126,-88.02714
43.01887,-87.95765
43.11507,-87.95041
43.07775,-87.92131
43.07506,-87.94252
43.0461,-88.0192
43.00469,-87.99927
43.01037,-87.98751
43.0606,-87.97774
42.94475,-87.88004
43.0603,-87.89991
43.07457,-87.89761
43.08074,-88.04802
43.10936,-88.02198
42.98806,-88.02012
43.06008,-88.0654
43.13848,-87.95416
43.11393,-87.96664
42.99426,-87.91898
43.09606,-87.9453
42.99511,-88.02764
43.0486,-87.91884
43.01203,-87.91844
43.12291,-87.91533
42.98486,-87.92897
43.05659,-87.95771
42.93919,-87.92935
43.01629,-88.0472
43.1189,-87.93727
42.98879,-87.96804
43.07528,-88.00067
43.09737,-88.00735
42.95469,-87.9388
43.09324,-88.02755
43.01695,-87.93968
43.05482,-87.95767
43.04135,-87.9973
43.09248,-87.88732
43.05478,-88.06675
42.90428,-87.86536
43.05266,-87.94296
42.96283,-87.9291
43.11889,-87.92341
43.10218,-87.95902
43.11156,-87.91696
43.0527,-87.90328
43.11197,-87.98884
42.99558,-88.04725
43.05277,-87.91877
43.17814,-87.99954
43.12135,-87.96619
43.08979,-88.00432
43.05666,-87.91431
43.08776,-87.95139
43.04433,-87.98996
43.07855,-87.98707
43.08955,-87.9572
42.95993,-87.87962
43.14342,-87.9854
43.16346,-88.00499
43.02976,-88.02716
43.10471,-87.94694
42.98866,-87.95058
43.07119,-87.88309
43.01673,-88.00233
43.02352,-87.91248
43.10121,-87.95309
42.9719,-87.98787
43.06064,-88.00768
43.1481,-87.94104
43.10276,-87.93031
42.97933,-87.98425
42.92965,-87.91758
43.10973,-87.96224
43.0391,-87.90134
42.95909,-87.92911
43.01022,-87.98981
42.96999,-88.00774
43.0025,-88.05301
42.952,-87.91685
43.12633,-87.93742
43.00107,-87.90254
43.01686,-87.94761
43.00612,-88.02692
43.01059,-88.01329
42.98855,-87.93861
43.01679,-87.96552
43.02098,-87.98756
43.08995,-88.02789
42.99209,-87.99782
43.12362,-87.95122
43.1122,-88.01609
43.08449,-87.91979
43.14594,-87.91376
42.909,-87.87157
42.99449,-87.95838
43.0608,-87.99481
43.0894,-88.02757
43.05259,-88.00788
43.12865,-87.9857
43.09261,-87.94833
43.08488,-87.93634
42.95994,-87.86349
42.95952,-87.98828
43.06031,-87.92436
42.98826,-87.9921
42.98797,-88.03491
43.0492,-87.9786
42.95267,-87.91958
43.02383,-87.91136
43.0877,-87.95692
43.04851,-87.93162
43.0928,-87.89783
43.01249,-87.96803
43.07517,-87.93192
43.14365,-87.98572
43.02392,-88.02752
43.08981,-87.93861
43.14099,-87.95433
43.07901,-88.02779
43.05354,-87.94739
43.00246,-88.05077
43.05991,-87.87961
43.03851,-87.92916
42.98842,-88.0102
43.13771,-88.00544
43.07177,-87.96762
43.04153,-87.92713
43.04089,-88.04577
43.03711,-88.03139
43.02332,-87.9223
43.02201,-87.9523
42.99213,-87.98787
43.00493,-87.92807
43.11734,-88.02609
43.01238,-87.93516
43.00298,-87.90135
42.99187,-87.99742
43.04752,-88.0125
43.04582,-87.90356
42.91152,-87.86077
43.08924,-87.92255
43.11127,-87.89875
42.98835,-88.06491
43.03576,-88.03117
43.07171,-87.95746
43.0676,-87.93158
43.07494,-87.92117
43.03886,-87.9155
43.06044,-87.92396
43.08967,-87.97572
43.10956,-87.9071
43.09108,-87.88755
43.07528,-88.01987
43.04861,-87.94811
42.95908,-87.919
43.04707,-88.00023
43.07538,-87.93694
43.06784,-87.985
43.04194,-87.96479
43.06909,-87.87795
43.00278,-88.01973
43.09721,-88.01467
43.09898,-88.00681
43.06782,-88.02489
43.08986,-87.91707
43.08174,-87.88756
43.17479,-87.9847
43.07133,-87.9212
43.02097,-87.91111
42.90075,-87.91956
42.95696,-87.98872
42.97451,-87.89442
43.08925,-87.89483
43.10849,-88.02577
43.15511,-87.91236
43.11043,-88.04591
43.10452,-87.97697
43.1102,-87.95637
43.1141,-87.93345
42.95198,-87.91102
43.08558,-88.04753
43.10512,-88.00619
43.01224,-87.92294
43.12287,-87.9909
43.16063,-87.98482
43.04335,-87.91921
42.98654,-87.88247
43.16978,-87.91219
43.11841,-88.00629
43.03858,-87.98398
43.0972,-87.99217
42.99575,-88.00778
43.06405,-87.90543
43.09,-87.95206
43.0839,-87.92319
43.07684,-87.93862
43.03499,-87.95784
43.11175,-87.94975
43.00298,-87.9872
43.04863,-87.92718
42.98819,-87.97184
43.11962,-88.0256
43.01702,-87.95726
43.08924,-87.88981
43.04855,-87.93796
42.98841,-87.94718
43.06636,-87.9876
43.10487,-88.00615
43.01233,-87.92248
43.101,-87.90406
43.04959,-87.91421
43.04191,-87.95788
43.08608,-87.94964
43.09722,-87.9568
43.01627,-88.04671
43.05293,-87.93371
43.15607,-87.95922
43.03864,-87.91133
43.07555,-87.99374
42.99747,-88.01753
43.06071,-87.96729
43.02237,-87.94796
43.07324,-87.9339
43.06811,-87.98717
42.95225,-87.93922
43.04119,-88.04551
43.02307,-87.92278
43.10512,-88.01524
43.06257,-87.94163
43.00637,-87.93316
43.11754,-87.95645
43.01473,-88.04654
43.06068,-87.95736
43.1119,-88.02411
43.12491,-88.00575
42.95193,-87.91899
43.1194,-88.02619
43.10496,-87.99116
42.91545,-87.8714
42.937,-87.87989
43.07557,-87.88772
42.89397,-87.91209
42.98815,-87.88936
43.11191,-87.94413
42.96651,-87.94837
43.08949,-88.00402
42.98468,-87.93848
43.03593,-87.94766
42.90663,-87.92
43.09733,-87.99668
43.11911,-87.96363
43.11181,-87.95021
43.03989,-87.95761
43.17923,-88.01502
43.04449,-87.93133
42.93951,-87.92964
43.11922,-87.98932
42.97752,-88.01795
43.07507,-88.01512
43.0167,-88.01683
43.03627,-88.01624
43.06789,-87.94232
43.06078,-88.00972
42.93402,-87.93961
43.11873,-87.93256
42.96332,-87.93882
43.14879,-87.9633
43.05313,-87.89232
43.08187,-87.91848
43.10451,-87.96012
42.96922,-87.92903
43.02223,-87.94525
43.03883,-87.90642
42.98819,-87.93408
43.06799,-88.00517
43.05284,-87.93412
43.13569,-88.0055
43.09039,-88.00428
43.04798,-88.01069
43.06246,-87.98743
43.06073,-88.01346
42.98825,-87.98428
43.11226,-87.99833
43.04831,-87.89827
42.95235,-87.98878
43.08925,-88.06063
42.93016,-87.87979
42.898,-87.85234
43.04429,-88.01328
43.07882,-87.93286
43.14485,-87.95525
43.1341,-88.03238
43.11941,-88.01429
43.06024,-87.88788
43.17801,-87.99169
43.06078,-87.96775
42.93714,-87.86019
43.0106,-88.01686
43.03877,-88.00273
43.17899,-88.01466
43.08259,-87.98975
43.0598,-87.88593
43.10929,-87.91669
42.98809,-87.91808
43.12961,-87.9131
42.99097,-88.04687
43.01806,-88.05716
42.9976,-87.93654
43.09239,-87.94051
42.98811,-87.92869
43.06072,-87.96992
43.17839,-87.96625
43.10325,-88.0072
42.96329,-87.88697
42.93496,-87.86105
43.0901,-87.98294
42.99133,-87.91896
43.08591,-87.88748
42.96515,-88.00776
43.01026,-87.98446
43.11191,-87.96373
43.0522,-88.01229
43.00417,-88.04667
43.04875,-87.94987
42.988,-88.03214
42.98229,-87.90689
43.06292,-88.00766
43.07478,-87.91855
43.06737,-87.94706
43.04462,-87.9475
42.9423,-87.99243
43.05304,-87.94545
43.06788,-87.96778
42.98788,-88.04576
42.99031,-87.8852
42.97577,-87.92915
42.94976,-87.98857
43.05265,-88.0164
43.00292,-87.92347
43.11924,-87.98138
42.95724,-87.98847
43.09032,-87.98724
43.10168,-87.91666
43.08999,-88.01739
43.01247,-87.91066
43.00084,-88.02691
43.05269,-87.98746
42.94234,-87.9961
43.01995,-88.0671
43.09697,-88.02144
42.974,-87.92923
43.06803,-87.95381
43.13377,-87.99114
43.06802,-87.94742
42.97652,-87.98821
43.03335,-87.9848
43.08102,-87.95711
43.01717,-87.99995
42.97457,-87.87579
43.05148,-87.99715
42.94458,-87.93907
42.96689,-88.00845
43.09684,-88.0509
42.88701,-87.91191
42.97037,-87.87329
42.95199,-87.91401
43.0029,-87.91399
43.02073,-87.98736
43.04018,-87.92187
42.97408,-87.99279
43.05394,-87.91433
43.00293,-87.91526
43.05092,-87.99163
43.07491,-88.02525
43.04397,-87.89949
43.04169,-87.91826
42.94674,-87.85004
43.10485,-88.00482
42.98453,-87.90568
42.93367,-87.88008
43.1048,-88.03779
43.15566,-87.95869
43.11971,-88.01574
42.91966,-87.871
43.09317,-87.94698
43.04826,-87.91849
42.98839,-88.02781
43.11844,-87.91638
43.06809,-87.98949
43.05299,-87.92686
43.07758,-87.88296
42.98474,-87.89445
43.01385,-87.98724
43.0213,-87.93314
43.0937,-87.94213
43.13867,-87.98557
42.98242,-87.97906
43.04881,-87.95945
43.01652,-88.05675
43.01689,-87.92143
43.01422,-87.95773
43.00283,-87.97943
43.11197,-87.98155
43.0749,-87.91376
43.06068,-87.94491
43.12995,-87.96628
43.06052,-87.9625
43.06632,-88.00763
43.06049,-87.94515
42.97352,-87.88001
43.03873,-87.91925
43.10471,-88.05084
42.92399,-87.94987
43.10658,-87.93195
43.06022,-87.8941
43.06785,-87.92943
43.03903,-87.90304
43.01671,-88.0046
43.09374,-88.00683
42.99244,-87.88968
43.06034,-87.93025
43.0608,-88.00193
42.90073,-87.91965
43.02317,-87.93283
43.0601,-88.04271
43.04769,-87.91075
42.95906,-87.86031
43.06795,-88.01004
43.13794,-87.98579
43.0358,-87.99723
42.88659,-87.91705
43.08709,-87.93052
42.93033,-87.86094
43.1048,-87.96626
42.92318,-87.85963
43.12016,-87.91636
43.01713,-87.93049
43.06203,-87.91399
42.97354,-88.02759
43.00466,-88.02697
43.0233,-87.9145
42.95894,-87.85997
42.95916,-88.00132
42.98078,-88.02741
43.06784,-87.93427
42.90273,-87.87191
43.0189,-87.92523
43.05762,-87.90526
43.01103,-87.92973
43.05274,-87.91436
43.00827,-88.02729
43.05274,-87.93363
43.00299,-87.94462
43.0357,-88.03163
42.9871,-87.91624
42.95902,-87.9129
42.98837,-87.90668
43.08287,-87.96698
42.90877,-87.92041
42.98474,-88.01775
42.95668,-88.00802
42.93968,-87.85989
42.98803,-88.02991
43.0067,-87.90762
43.00244,-88.03965
43.12035,-88.00581
43.05771,-87.95747
43.09528,-87.91677
43.06053,-87.95321
43.06068,-87.95511
43.08955,-87.94215
43.07541,-88.01218
43.07529,-87.99751
43.01005,-87.98732
43.07525,-87.96963
43.00751,-88.0227
43.06755,-87.87829
43.00265,-88.01742
42.99907,-87.9973
43.00284,-87.99024
42.95919,-87.86238
43.01632,-88.02693
43.09337,-87.96687
43.00099,-87.95818
43.11937,-87.99867
42.99822,-87.95276
42.96295,-87.86704
43.10212,-87.9453
42.96024,-87.87957
43.07514,-87.95992
43.07481,-88.05258
43.04098,-88.04693
43.04125,-87.90291
43.09371,-87.92514
42.98856,-87.99792
42.98837,-88.02337
43.01343,-88.00011
42.97224,-87.9882
43.06107,-87.97403
43.0749,-87.91411
43.05266,-88.00851
43.11731,-87.95618
43.0749,-87.87811
43.09228,-87.94011
43.06548,-87.89772
43.0901,-87.99687
43.01927,-87.92549
42.9754,-87.85985
43.04208,-87.9108
42.99584,-88.043
43.00278,-87.92384
43.06798,-87.99494
42.98273,-88.01756
43.08996,-87.94682
43.01469,-87.96718
42.93769,-87.95892
43.00273,-87.90468
42.96659,-87.90977
42.9075,-87.86477
43.0898,-88.02753
43.14337,-88.00582
43.08967,-87.952
43.07483,-87.90757
43.07484,-88.03565
43.05327,-87.94504
43.11206,-87.97606
43.03576,-88.0276
43.09003,-87.96728
42.98458,-88.00737
43.00646,-88.01738
43.01215,-87.98724
42.9846,-87.92878
43.10448,-87.96689
43.04611,-87.96567
42.98458,-87.89422
43.07528,-87.95712
43.10089,-87.96707
42.98631,-87.92873
43.01044,-87.9502
43.10186,-87.94628
43.03882,-87.92729
43.08908,-87.87803
42.96212,-87.88921
42.9664,-87.99813
43.10487,-88.02112
43.04613,-87.98399
42.97356,-87.99782
43.07534,-87.97958
42.98858,-87.95303
43.06808,-87.97968
42.98112,-87.95475
42.94335,-87.86006
43.04423,-87.92752
43.08434,-87.88776
43.10508,-88.02447
42.91577,-87.91106
43.11678,-88.03082
42.9883,-87.89171
43.05931,-87.91428
43.03869,-87.96951
43.02871,-88.00757
43.01009,-87.97342
43.06929,-87.94964
43.15478,-87.91219
43.08947,-87.95228
42.97932,-88.04724
42.98811,-88.01049
43.13294,-88.00556
42.93341,-87.92966
43.08607,-87.95725
42.98818,-87.89215
43.0445,-87.92776
42.94824,-87.84987
43.01224,-87.91553
43.04144,-87.90444
43.04017,-87.92325
43.0775,-87.88545
42.98087,-88.0176
43.11964,-87.9958
43.0164,-88.02669
43.00304,-87.95077
43.12301,-88.02559
43.09703,-87.98594
43.11455,-87.91694
42.97596,-87.9486
42.98809,-87.88372
43.05245,-87.92306
43.05998,-87.88798
43.13707,-88.03684
43.05336,-87.94792
42.95956,-87.9664
43.03983,-87.98365
43.0927,-87.9795
43.11908,-87.96136
43.02276,-88.00021
43.1188,-88.05583
43.01896,-87.94761
43.07324,-87.9342
42.90858,-87.94988
43.04366,-87.98335
42.98797,-88.00743
43.04588,-87.92723
43.08588,-87.95694
43.05334,-87.89239
43.06054,-88.02805
43.06801,-88.01232
43.07019,-88.04763
43.05244,-87.91901
43.13423,-88.01794
42.97359,-87.8874
43.11171,-87.93919
43.07971,-87.94241
43.10434,-87.94637
43.06778,-87.93118
43.11943,-87.97077
42.98806,-87.92903
42.97608,-88.0473
43.12125,-87.9507
43.00282,-87.9818
42.98793,-87.96936
42.97263,-87.99441
43.0603,-87.90859
43.01658,-88.00504
43.09741,-87.94306
43.068,-87.96716
42.98828,-87.98055
42.96046,-87.87988
43.10398,-87.89678
43.08193,-87.99696
43.10447,-87.96287
43.01686,-87.91822
43.06824,-87.98545
43.06791,-88.01257
43.13413,-87.98641
43.03468,-87.95764
43.12114,-87.95103
43.00295,-87.91138
42.95944,-87.91936
43.11335,-87.90032
43.05247,-87.93026
43.01211,-87.99778
43.12132,-87.95617
43.02997,-88.01703
42.9401,-87.93943
43.11159,-87.93717
43.06767,-87.93397
43.08901,-87.89521
43.04423,-87.97551
43.01026,-87.95518
42.91517,-87.86161
43.05983,-88.06506
43.08526,-88.00062
43.07481,-87.9241
42.95927,-87.95882
42.95223,-87.90995
42.95937,-88.01298
43.01695,-87.91435
43.04864,-87.9637
42.99852,-87.9004
43.07094,-87.88569
43.02312,-87.91418
43.08932,-87.90094
42.98815,-87.87395
43.04853,-87.94046
43.09254,-87.91695
43.01039,-87.99804
43.10512,-88.01043
43.09166,-87.92429
43.11137,-87.90706
42.97358,-87.90936
43.07508,-87.96231
43.06078,-87.97975
42.98839,-87.91888
42.92564,-87.91471
43.10252,-87.91706
42.93238,-87.9097
42.95631,-88.0471
42.96423,-87.99842
43.03227,-87.90929
43.06011,-87.8974
42.98647,-87.9384
43.07685,-88.02747
43.04889,-87.9745
42.9374,-87.9294
42.9913,-87.96459
43.0173,-87.98773
43.01662,-88.03146
43.10836,-87.96175
43.04126,-87.92315
43.17789,-88.02834
42.99544,-87.92851
43.03878,-88.00768
42.9593,-87.97005
43.04882,-87.95749
43.02238,-87.94253
43.05311,-87.89258
42.88486,-87.92111
43.06006,-87.90522
43.01676,-87.95808
43.17392,-87.96192
43.04449,-87.91909
42.90865,-87.86077
42.97628,-87.89443
43.10371,-87.88835
43.18639,-88.00478
42.94867,-87.88
43.10756,-87.90689
42.96935,-88.04739
43.11946,-88.02113
43.04285,-87.89937
43.07116,-87.89751
43.10821,-87.96631
43.03468,-87.90872
43.06754,-87.90018
43.04118,-87.91005
42.96061,-87.99829
43.0678,-87.98754
43.04862,-87.9502
43.01034,-87.95747
42.95939,-88.04814
43.10288,-87.93075
43.06025,-87.91729
43.073,-87.89791
42.91982,-87.8592
43.02174,-87.95753
43.01403,-87.93294
43.1082,-87.96157
43.00449,-87.91864
42.98715,-87.97067
43.10809,-87.95619
43.0066,-87.91878
43.08795,-87.98681
42.97751,-88.02791
43.11906,-87.93514
43.09004,-87.97609
43.0606,-88.00963
43.0525,-88.00884
42.99027,-87.96571
43.17784,-87.97929
43.09378,-87.9871
43.11179,-87.94799
42.94246,-87.99585
43.1122,-88.0186
43.10877,-88.02616
42.95902,-87.90949
43.03849,-87.91093
42.94952,-87.92954
43.01995,-88.02751
43.09536,-87.98661
43.04364,-87.89838
43.04448,-87.94471
43.05874,-88.00721
43.10469,-87.95274
43.02934,-87.93312
43.00252,-88.0318
43.07876,-87.91593
42.95746,-87.86017
43.16095,-87.98504
42.9322,-87.9295
43.02316,-87.93323
42.90623,-87.87172
42.96688,-87.9488
43.03564,-88.00472
42.95966,-87.99848
43.05164,-87.95772
42.96399,-87.96372
43.06006,-87.88593
43.03487,-88.04636
43.06063,-87.98539
42.9325,-87.93927
43.05908,-87.96993
43.10687,-88.00643
43.00301,-87.89769
43.06033,-87.92822
43.06081,-87.99962
43.04418,-87.94515
42.99695,-88.04155
43.02151,-87.95777
42.98852,-87.91915
42.98858,-87.98015
42.98165,-87.94811
43.10451,-87.97925
43.0949,-88.02752
43.08458,-88.00759
43.03051,-88.01756
42.98828,-87.93622
43.07134,-87.92663
43.03744,-87.91107
42.89803,-87.85926
42.95041,-87.93925
43.04555,-88.02108
42.95951,-87.97832
43.04702,-87.90355
42.95361,-87.8499
42.95733,-87.93879
43.04794,-88.00189
43.03645,-88.06246
43.0773,-88.02777
43.06748,-87.90978
43.08644,-87.9872
43.00641,-88.04702
42.98843,-87.94472
42.96013,-87.8635
43.04225,-87.90726
42.99538,-87.9045
42.97932,-87.91929
43.10476,-88.02738
43.01252,-87.92565
42.94141,-87.94937
43.11683,-88.00626
43.07486,-88.02795
43.05964,-88.06666
42.98485,-87.91921
43.01492,-88.00001
43.10494,-88.05017
43.01654,-88.01314
43.08799,-87.93809
43.00273,-87.91871
43.01272,-87.91054
42.98839,-87.95603
42.95892,-88.00795
43.11962,-88.03071
42.99212,-87.92881
43.00267,-88.04671
43.06225,-87.90544
43.15626,-88.00526
42.96018,-88.018
43.00461,-88.04705
43.13382,-87.9954
43.07096,-87.88324
42.96244,-87.90947
43.02341,-87.92514
43.07487,-88.04867
43.07494,-88.02272
43.071,-87.91427
43.12798,-87.99068
42.96654,-87.91936
43.03736,-87.91318
43.09106,-87.93943
43.06001,-88.04513
43.06722,-87.94734
43.11198,-87.98392
43.097,-88.01767
43.02136,-87.96024
42.98668,-88.02776
43.04322,-88.04742
43.04383,-88.02617
42.98845,-88.00582
43.10514,-88.00444
43.10514,-88.04599
43.08294,-87.92097
43.09525,-88.00691
43.07524,-87.94215
43.00061,-87.94811
43.11891,-87.92632
43.08981,-88.04737
43.00308,-87.96258
43.06787,-87.97012
42.93673,-87.88014
43.00646,-88.02454
43.08217,-87.88783
42.98837,-88.01742
43.11207,-87.97366
42.9987,-87.90078
42.98132,-87.98092
43.05799,-87.91432
43.03868,-87.91481
43.01121,-88.01058
43.00293,-87.92571
43.1483,-87.9653
42.98793,-88.0582
43.10593,-87.90716
43.13396,-88.01966
43.08788,-87.95723
42.98031,-87.998
43.06356,-87.87806
43.04285,-87.96081
42.89037,-87.91226
43.06075,-87.94731
43.09492,-87.94356
43.06056,-87.96482
43.00234,-88.04669
43.0217,-88.02754
43.06019,-87.90848
43.04981,-87.92699
43.08973,-87.97659
43.10395,-87.89212
43.07161,-88.00725
43.15671,-87.985
42.9749,-87.99146
43.06209,-87.92848
43.09716,-87.98579
43.15884,-87.98518
43.13076,-87.93807
42.98487,-87.988
43.07528,-87.97245
43.09798,-87.90131
43.00243,-88.04336
42.9414,-87.93912
43.0711,-87.92166
43.01731,-87.98738
43.09677,-88.02779
42.99863,-87.90477
42.95353,-87.92918
43.06058,-87.97214
43.04471,-87.95934
43.12825,-87.93384
43.01654,-88.05443
43.05648,-87.94764
43.04192,-88.03984
43.10489,-88.01317
43.05052,-87.9897
42.97912,-87.89434
43.09293,-87.94101
42.97321,-87.95822
43.09196,-88.00737
43.08612,-87.92828
43.07772,-87.88035
43.08952,-88.04234
43.03563,-88.00002
42.93989,-87.86011
43.06768,-87.96727
43.07481,-87.89788
43.04307,-87.92709
43.0529,-88.01702
43.00893,-88.02005
42.98822,-87.96821
43.06717,-88.04538
43.07431,-88.04816
42.98837,-87.92139
43.00825,-87.98731
43.0659,-88.04589
43.07297,-87.91964
43.11413,-87.917
43.06769,-87.89794
43.14917,-88.04942
43.08457,-87.96913
42.98691,-87.91669
43.06818,-88.0077
43.04581,-87.91084
43.10379,-87.89568
42.91565,-87.91683
43.04471,-87.93419
43.02589,-87.99986
43.07221,-88.04764
43.00696,-87.94818
43.01352,-87.99872
43.11614,-87.99097
42.99205,-87.95798
42.99225,-88.00779
43.04871,-87.93418
43.08819,-87.9049
43.07498,-88.02029
42.98826,-87.88676
43.16189,-87.98469
43.02377,-88.01705
43.14346,-87.95495
43.08965,-88.01786
43.08088,-87.96509
43.06023,-87.89034
43.06197,-87.91983
42.98805,-88.02768
43.16171,-88.0045
42.97721,-87.98768
43.17015,-87.98461
43.02352,-88.00017
42.98425,-87.97545
43.03888,-87.94036
42.96874,-87.87963
43.00599,-88.04665
43.10458,-87.95019
42.94359,-88.00214
42.98839,-87.88371
43.08254,-87.98735
43.18265,-87.96547
43.10523,-88.00673
43.01399,-87.9575
43.14696,-88.05744
43.06008,-87.88833
43.06773,-88.0252
43.03303,-87.98462
43.02582,-87.94793
43.03892,-87.97969
43.04868,-87.95789
43.00299,-87.95316
43.04422,-87.93438
43.11903,-87.95892
42.94233,-87.99423
43.01758,-87.98724
43.12703,-88.00619
43.04877,-87.95227
43.11192,-87.97666
42.97092,-87.85992
42.98794,-88.04068
43.08985,-88.04187
43.01023,-87.98718
43.07491,-87.91843
42.94635,-87.92918
42.9614,-87.88264
43.051,-88.00763
43.06787,-87.96241
43.07475,-87.88251
42.99431,-87.91889
42.95933,-87.91927
42.93477,-87.95931
42.95952,-87.97336
43.07147,-87.98754
43.11922,-88.04591
42.90105,-87.86551
42.98852,-88.0177
42.95908,-88.01302
43.11549,-87.95624
42.98797,-88.06217
43.03875,-87.99246
43.15792,-87.91237
43.02135,-87.92546
43.00286,-87.93364
43.06809,-87.99472
43.00272,-87.91714
43.03574,-88.05736
43.13401,-88.03766
42.9814,-87.91909
43.02067,-88.00027
43.00818,-88.01735
43.11934,-87.9633
43.01244,-87.94771
43.09124,-87.92365
43.08216,-87.96706
43.06047,-87.92988
43.06745,-87.90797
43.07487,-88.03313
43.07825,-87.8975
43.05381,-87.94982
43.04867,-87.93368
43.02024,-87.91834
43.09526,-87.95682
43.01655,-88.00743
43.04467,-87.95043
42.95577,-87.91957
43.06742,-87.91393
43.01045,-87.94774
42.96471,-87.86015
42.96234,-87.88928
43.06049,-87.91433
43.10626,-87.96061
43.06788,-87.98733
43.00855,-87.93446
43.07535,-87.98184
42.98828,-87.88911
43.06012,-87.89999
43.07517,-88.03539
43.02619,-87.91249
43.05356,-87.88997
43.11913,-87.99099
43.0569,-87.98742
43.08065,-88.00763
43.06246,-87.94116
43.06777,-87.95733
43.11963,-87.9912
43.09262,-87.9801
43.16529,-88.00493
43.07676,-87.90524
43.0755,-88.00118
43.06028,-87.90521
43.1323,-88.02573
42.98479,-87.998
42.94256,-87.99822
43.10486,-88.01884
43.071,-87.89045
43.04791,-88.00231
42.98818,-87.91741
43.10477,-87.9689
43.10976,-88.02185
42.959,-88.03678
43.0482,-87.89948
43.03865,-87.92218
43.06788,-87.93984
43.0027,-87.99813
43.11951,-87.98633
43.00101,-87.94755
43.10477,-87.96256
43.0894,-88.04747
43.09146,-87.91701
43.05596,-87.89117
42.96636,-88.02783
42.94214,-87.85984
43.17791,-87.98513
42.89961,-87.86518
43.11252,-88.00638
43.06053,-87.94999
43.08095,-87.91784
43.1093,-87.89742
43.00639,-88.02733
43.06406,-87.92154
43.11877,-87.91582
42.96188,-88.04811
42.98835,-87.90411
42.96516,-87.99816
43.04474,-87.94791
43.0944,-87.98241
43.07468,-87.91426
43.08348,-87.94702
43.01293,-88.00046
43.0606,-87.9802
43.17795,-88.03006
43.05711,-87.96656
43.00293,-87.91114
42.98827,-87.87825
43.01435,-87.91128
43.06243,-87.883
42.95905,-87.90996
42.99171,-88.0272
42.97171,-87.99582
43.1115,-87.93277
43.00966,-87.99783
43.11867,-87.95639
43.06767,-87.90538
43.0695,-87.87811
43.14844,-88.00516
43.06414,-87.95739
42.96681,-87.93902
43.04127,-88.04741
42.97095,-87.93904
43.05043,-88.00659
42.98834,-87.92382
42.98821,-88.05194
43.06052,-88.01368
43.07539,-88.01469
43.01014,-87.98766
42.95911,-87.85043
43.11058,-88.01597
43.04579,-88.04825
43.07527,-87.99257
42.95369,-88.00806
43.0607,-87.99775
42.94867,-87.94919
43.08403,-87.8875
42.95913,-88.0035
43.00264,-88.02066
42.88434,-87.91859
42.99714,-87.99737
43.0339,-88.02719
43.05188,-88.00038
43.09713,-87.98701
43.11943,-88.00125
43.07513,-87.96468
42.95922,-87.85497
42.96143,-87.86517
43.04778,-87.92429
42.95927,-87.97365
43.06789,-88.0198
43.07515,-87.93647
42.97729,-88.00754
43.09161,-88.04744
42.98856,-87.9839
43.11206,-87.98351
43.10514,-88.01341
42.98837,-87.94262
43.07498,-87.95686
43.10479,-87.97128
43.00298,-87.98124
43.01029,-87.95313
43.06511,-88.04796
43.08898,-87.89265
43.05318,-87.98769
43.01472,-87.99429
42.98824,-87.93838
43.05897,-87.914
43.01226,-87.91076
43.06595,-87.98736
43.0024,-88.04723
42.94348,-87.85984
43.06799,-87.99234
42.98804,-88.02726
43.09391,-87.92564
43.04889,-87.91174
43.03668,-87.98469
42.99356,-87.89193
43.06048,-87.92788
43.05237,-88.00715
43.0529,-87.89562
43.06799,-87.96435
43.03467,-87.94763
43.03891,-87.92151
42.99278,-87.96216
43.00851,-87.91874
43.04007,-87.91216
43.0169,-87.9252
43.10627,-87.94744
43.07709,-87.95736
43.08209,-87.91967
43.03868,-87.98377
43.06079,-87.98176
43.09281,-87.88761
43.00759,-87.9366
42.95898,-88.04726
43.06594,-87.95738
43.0259,-88.00701
42.95924,-87.96336
42.95085,-87.98871
43.04563,-87.91903
43.08462,-87.98725
43.1197,-88.014
43.10451,-87.96529
43.17795,-87.98937
42.98859,-87.98816
43.05301,-87.8953
42.87952,-88.00053
43.11187,-87.95672
43.03072,-87.93309
43.01662,-88.02685
42.96386,-88.04808
43.11188,-88.01589
43.01234,-87.93288
43.00628,-87.91861
43.02625,-88.00743
43.06798,-87.9479
42.99928,-88.00758
43.18328,-88.03085
42.97907,-88.01759
43.10743,-87.95472
43.05719,-87.88978
42.93719,-87.84986
42.98817,-87.89456
42.98845,-87.95352
43.10773,-88.01988
43.11812,-88.00577
43.03125,-88.00747
43.07362,-87.93124
43.12896,-87.93743
43.11165,-87.93948
43.08588,-87.89754
43.0236,-87.98691
42.94127,-87.84983
43.04,-87.93308
43.01394,-87.94767
42.9158,-87.91298
43.06807,-87.98185
43.0527,-87.9149
43.01676,-87.99971
43.04374,-87.98647
42.96018,-87.88006
43.12206,-87.91618
43.03534,-87.91763
43.04865,-87.93132
42.96689,-87.93882
43.07825,-88.00763
43.04544,-88.04049
42.94665,-87.92952
43.09077,-87.89607
43.13981,-88.04032
43.07792,-87.94015
43.12651,-87.99072
43.08951,-87.93864
42.94849,-87.85011
43.11942,-87.96558
43.10938,-87.90686
43.0451,-88.02059
42.94435,-87.87981
43.10377,-87.89272
42.99253,-87.89434
43.012,-88.04655
42.99657,-88.04172
43.10451,-87.98164
42.95768,-87.93912
43.10719,-87.95324
43.09733,-88.00168
43.07103,-87.91973
43.08949,-87.92031
43.1192,-87.98386
43.12373,-87.95611
43.03857,-88.02747
43.04219,-87.92421
42.99136,-88.05086
43.00269,-88.01294
43.01219,-87.92579
43.13636,-88.04511
42.9306,-87.90977
43.01889,-87.93294
43.09001,-87.91711
43.02729,-88.02757
43.0167,-88.00941
43.04436,-87.95948
42.93774,-87.93951
43.0608,-88.00386
43.05364,-87.95019
43.14831,-87.95931
43.04449,-88.04743
43.04316,-87.97235
43.01626,-88.05225
43.00278,-88.02459
43.07138,-87.93026
43.1232,-87.9351
43.04546,-88.0434
43.07471,-87.90553
43.01658,-88.0026
43.11223,-87.94229
42.95894,-88.04775
43.03355,-87.95763
42.95173,-87.9094
43.04423,-87.92712
43.01176,-87.91007
43.0171,-87.93931
43.03746,-87.91291
43.1294,-87.91275
42.98135,-87.98807
43.07471,-88.06119
43.0991,-87.94398
43.1785,-87.99223
43.08552,-87.92062
43.14825,-87.94912
43.07749,-87.87986
43.12485,-87.96612
43.09265,-87.94689
43.01215,-87.99437
43.0711,-87.88527
42.92929,-87.93012
42.9748,-87.91937
43.00829,-87.9352
42.98228,-87.89427
43.07479,-87.9215
43.11864,-87.92332
43.0488,-87.95509
42.95944,-88.00323
43.08976,-87.93898
43.03668,-88.06579
43.02214,-87.98743
43.01654,-88.01082
43.06067,-87.95976
42.9903,-87.92885
42.95912,-87.93858
43.09004,-88.01078
42.97031,-87.90976
43.01686,-87.9255
43.03886,-87.95057
43.11221,-87.99349
43.15083,-88.04532
43.14246,-87.91312
43.08595,-87.87753
43.09072,-87.88737
42.98863,-87.95822
42.9516,-87.88001
43.0817,-87.91936
42.99024,-87.91908
42.97599,-87.87665
43.05279,-88.00758
43.11161,-88.0243
43.10837,-87.94874
43.01926,-87.91134
43.10474,-88.04607
43.03733,-87.91127
43.11957,-87.99343
43.10022,-87.92921
42.98469,-87.98768
42.9175,-87.85889
43.0995,-87.90265
42.96178,-87.93903
43.07459,-87.90517
42.95954,-87.96943
43.01162,-88.0076
42.99162,-87.96344
42.95955,-87.98059
43.05796,-87.92705
43.105,-87.93124
42.9961,-87.94852
43.0444,-87.95964
42.97889,-87.87854
43.02297,-87.92548
43.09182,-87.93935
43.09302,-87.91719
43.16903,-87.96433
43.10863,-87.98644
42.94525,-87.90957
42.96671,-88.00441
43.14098,-87.98584
43.01921,-87.95785
43.01172,-88.02695
43.01812,-88.06711
43.06063,-87.93916
42.97415,-87.94866
43.07476,-87.92022
43.10121,-87.98653
43.13065,-87.98638
43.00663,-87.94784
43.09168,-87.95712
43.13205,-88.02532
42.92678,-87.87083
43.06017,-87.91951
43.09,-87.97226
43.16308,-88.00444
43.04255,-87.90312
43.10497,-87.98671
43.01217,-87.93295
43.04846,-87.92737
43.11957,-87.95085
43.08427,-87.95696
42.95599,-87.91946
43.15166,-88.005
43.06082,-87.9974
43.04529,-88.02693
43.07461,-87.91998
43.06061,-87.98204
43.05058,-87.90618
43.03577,-88.00196
42.95935,-87.8602
43.00288,-88.00761
42.94243,-87.99262
43.05249,-87.92719
43.06975,-88.00722
43.12245,-87.98589
43.08102,-87.96463
43.07528,-88.02777
43.03848,-88.04738
43.11608,-87.90187
42.92517,-87.91064
43.11329,-88.02612
43.06164,-87.97479
42.98813,-88.0128
43.01656,-88.04664
43.07435,-88.0626
43.09782,-87.9866
43.10448,-87.98639
42.96645,-88.04803
42.90958,-87.85507
43.03308,-88.01674
43.08948,-87.93907
42.99868,-88.02753
43.04582,-88.02332
42.93413,-87.84983
43.03814,-88.03168
43.07514,-87.9553
43.11105,-87.89839
43.0122,-87.91028
43.08966,-87.94733
43.04169,-88.03653
43.00944,-87.93324
43.05327,-87.94754
42.8981,-87.86488
43.08982,-87.98724
43.04553,-88.05955
43.041,-87.9096
43.03553,-88.0026
42.97521,-87.95606
43.09709,-88.02727
43.11888,-87.93478
43.03999,-87.91459
43.0122,-87.92536
43.05222,-87.89127
42.98458,-88.02741
42.99906,-87.91877
43.01679,-87.99726
42.98833,-87.92623
42.98848,-87.97019
43.00252,-88.01717
43.07508,-87.97253
42.95744,-87.94855
42.96637,-88.00784
43.0125,-88.00278
43.06987,-88.02765
43.17755,-87.99227
42.99572,-87.92873
43.01378,-87.99777
43.05393,-87.95172
42.98661,-87.89437
42.95925,-88.04587
43.18077,-87.99224
43.01226,-87.91871
42.94266,-87.99061
42.96638,-88.01796
43.06066,-87.98766
43.06353,-87.88286
43.01022,-87.974
43.09761,-87.91716
43.10287,-88.05266
43.05566,-87.93365
42.93613,-87.93917
42.98849,-87.97146
43.0412,-88.02608
43.10445,-87.96638
43.08618,-87.88766
43.01697,-87.96453
42.99223,-87.89418
43.00279,-88.02696
42.97357,-87.89193
43.08249,-88.00709
43.11846,-87.90707
43.07346,-88.0277
43.07545,-88.00716
43.12332,-88.0261
43.04373,-87.90324
43.10305,-88.05315
43.04853,-87.91443
42.97365,-87.88474
42.9884,-87.94857
43.06797,-87.9998
42.93055,-87.95937
43.06021,-87.91439
43.08988,-88.04793
43.04904,-87.96418
42.92696,-87.94927
42.94353,-88.00012
43.13815,-88.03819
43.11188,-87.93323
42.98812,-87.89419
43.02157,-87.95974
42.90914,-87.91142
43.03591,-87.99968
43.01868,-87.98047
43.01873,-88.00011
42.92397,-87.95097
42.97374,-87.94825
42.99611,-87.95625
43.00255,-87.98758
42.91099,-87.87303
42.93782,-87.90974
43.01834,-88.04736
43.06071,-87.97232
43.04169,-87.99751
43.16927,-87.96488
43.1066,-88.00588
43.05682,-88.00727
42.98119,-88.01785
43.14836,-87.98529
43.00302,-87.94786
43.162,-88.00503
43.06601,-87.92918
43.13393,-88.00274
42.998,-87.95245
42.9942,-88.01733
42.92166,-87.87108
42.95456,-87.93923
42.99966,-87.93381
43.05495,-87.95979
43.05935,-87.95762
42.99935,-87.91891
43.0675,-87.91723
42.98795,-88.0524
43.07463,-88.06622
43.00645,-88.00748
43.10484,-88.03373
43.00283,-87.93578
42.97776,-87.95268
43.13427,-88.00553
43.10425,-87.9343
42.99094,-87.94791
43.0896,-87.97623
43.01819,-87.98283
43.02855,-88.00002
43.07856,-87.9052
43.09543,-87.95708
43.05131,-87.94762
42.89568,-87.91199
43.17755,-88.02332
43.07479,-87.93156
43.08961,-87.95692
42.95205,-87.85018
42.89549,-87.91159
43.04951,-88.00839
43.01696,-87.91288
43.04566,-87.89749
43.1159,-87.90667
43.06054,-88.02487
43.05794,-87.96801
42.98831,-87.96327
43.11971,-88.00077
43.03948,-87.98362
42.97119,-87.86015
43.0599,-88.04862
43.07333,-88.0072
43.04869,-88.0053
43.0433,-87.92726
43.06805,-87.97475
43.06945,-87.89792
43.10235,-87.90615
43.04421,-87.98077
43.0168,-87.99086
43.06037,-87.91693
43.10503,-88.03766
42.95704,-88.00635
42.95951,-87.93904
43.11921,-87.97646
42.93484,-87.92947
43.10953,-87.89773
42.95945,-87.99821
43.04567,-87.90586
42.98293,-87.88079
43.0604,-87.93538
43.04849,-87.95758
43.01239,-87.94115
43.01647,-88.01736
43.11993,-88.03501
43.08285,-87.98732
43.08681,-88.00131
43.11205,-87.9688
43.08125,-87.94437
43.11496,-87.91644
43.07484,-87.92643
43.07035,-88.04805
43.01696,-87.91145
43.09805,-87.88726
43.09721,-87.98725
43.11118,-87.90676
43.0678,-87.94509
43.09322,-87.94094
43.01257,-87.92534
42.98802,-87.87321
42.97086,-88.01799
43.11904,-87.9859
43.06226,-87.92155
43.18614,-88.00697
43.08382,-87.94718
43.02282,-87.93298
43.08906,-87.88279
42.93012,-87.87119
43.01714,-87.91287
43.04415,-87.93379
43.11192,-87.96596
43.04551,-87.91409
43.01838,-88.00705
42.99426,-87.93831
43.1102,-87.95659
42.91288,-87.92081
43.00306,-87.9449
43.13849,-88.04507
43.00321,-87.9581
42.95189,-87.91002
42.95625,-87.85993
42.99522,-88.02711
43.03613,-88.02779
43.07112,-87.92703
42.98801,-87.90996
43.03485,-88.00709
42.98793,-88.05466
43.04271,-87.97079
43.0556,-87.89124
43.08616,-87.98685
42.95918,-87.9485
42.98837,-88.06175
42.99256,-87.88929
43.10456,-87.98403
42.95179,-87.84997
43.06046,-87.89801
42.99563,-88.01758
43.04702,-88.01287
43.17759,-87.99586
43.12314,-88.00579
43.0386,-88.01548
42.99754,-87.99759
43.157,-87.98526
43.03818,-88.03144
42.98844,-88.00197
43.05051,-88.00855
43.11236,-88.00581
43.17748,-87.97978
43.11951,-87.95625
43.04866,-87.95972
43.00625,-88.00719
43.14292,-88.04456
43.07465,-88.06338
43.06933,-87.9197
43.06911,-87.88787
43.07105,-87.93024
43.09503,-87.92625
43.07896,-87.91633
42.90459,-87.86552
43.00275,-88.03445
43.01217,-87.9675
43.17806,-87.99652
42.91479,-87.86024
43.07524,-87.94463
43.01139,-87.92929
43.04895,-87.9705
43.0754,-87.95736
43.02106,-87.99981
42.92404,-87.87099
42.96483,-87.8798
43.08184,-87.89739
43.06782,-87.94824
43.06016,-87.90546
43.04414,-87.92893
43.03485,-87.94778
43.07707,-88.04764
42.95935,-87.90983
43.06054,-87.9374
43.06057,-88.02229
43.03885,-87.99197
43.10458,-87.9315
42.9522,-87.92948
43.04137,-87.9164
42.97217,-87.91943
43.11905,-87.93198
43.07446,-87.88779
43.10485,-88.0108
43.09882,-87.9436
42.96845,-88.00159
43.06056,-87.97375
43.07081,-87.9873
43.04889,-87.91193
42.95856,-88.0482
42.99003,-87.99751
43.07086,-87.89765
43.03803,-87.90894
43.06955,-88.02741
43.07,-88.00767
43.07527,-87.88282
43.03531,-88.03431
43.07663,-87.89783
42.9591,-88.01844
43.05295,-87.91841
43.01698,-87.95767
43.07515,-88.01001
43.01935,-87.97659
43.06786,-87.95709
43.03251,-87.95761
43.07091,-87.88073
42.95902,-87.89991
42.99762,-88.00766
43.13421,-88.02567
43.03875,-87.98768
43.09572,-87.88754
43.0095,-88.01728
43.05101,-87.90622
42.9958,-87.94804
43.01022,-87.95793
42.97756,-87.90964
43.1252,-88.00626
42.91464,-87.86056
43.01031,-87.9311
43.01214,-87.92787
42.9883,-88.02979
43.13709,-87.96622
43.10495,-87.99361
43.00278,-87.99484
43.05307,-87.90311
43.00658,-87.90735
43.10706,-87.95279
43.09505,-87.91721
42.97059,-87.93879
43.08911,-87.90494
43.09714,-88.00745
43.08231,-87.94554
42.95966,-87.98871
43.00296,-87.90835
43.06079,-87.98746
43.10459,-87.94707
43.06009,-87.88383
43.01717,-87.91531
43.1193,-87.95612
43.06561,-87.96771
42.90599,-87.86528
43.09717,-87.99719
42.91572,-87.91977
43.05212,-88.00341
43.04013,-87.92433
42.99723,-88.04054
42.95108,-87.86012
42.90132,-87.91188
43.0762,-87.9146
43.00284,-87.98416
42.9955,-87.98746
43.06808,-88.0017
43.01444,-87.9678
43.07492,-87.91986
43.07467,-87.90055
43.11932,-87.99368
43.07493,-88.04558
42.94539,-87.86005
42.93762,-87.86035
43.1012,-88.02741
43.01688,-87.9505
43.04414,-87.89968
43.17755,-88.02034
43.04889,-87.96528
43.1122,-88.01197
42.9467,-87.8601
43.06728,-87.89767
43.086,-87.90498
43.03882,-87.91101
42.93278,-87.93962
43.01397,-87.92531
43.03641,-88.06599
43.07336,-87.93433
43.06803,-87.96198
42.99113,-88.05187
43.04575,-88.04264
43.01629,-88.04137
43.11214,-87.98851
43.04032,-87.92729
43.06068,-87.95265
43.11206,-87.97119
42.9333,-87.92944
43.17903,-88.01134
42.95455,-87.85994
43.02887,-87.91111
43.11937,-88.03046
42.98076,-88.00758
43.01957,-87.97646
43.13946,-87.91306
43.11223,-87.98635
43.14857,-88.04531
43.08246,-87.93505
43.06019,-87.914
43.06023,-87.88601
43.119,-87.95032
42.9682,-87.91934
42.98828,-88.03224
43.05135,-87.95755
43.11707,-88.05422
43.02453,-87.93309
43.00794,-88.02697
42.99004,-87.92866
42.96387,-88.04757
43.08899,-87.88741
43.01244,-87.9376
43.07823,-87.90507
43.11211,-88.00582
42.95915,-87.99875
43.07519,-88.02734
43.04674,-87.98397
43.01997,-88.06083
43.07519,-87.97991
43.06792,-87.97267
43.07282,-87.89763
43.0861,-87.92861
43.05318,-87.89817
43.05277,-87.93756
43.00276,-87.91902
42.98125,-87.99805
43.10636,-87.93156
43.04459,-87.94153
43.0798,-87.90498
43.0754,-87.98496
43.06082,-87.98395
42.99914,-88.0472
43.06995,-87.98752
43.12644,-87.95171
43.00855,-87.95781
43.01054,-87.94815
43.03883,-88.01531
43.00023,-87.93361
43.0755,-87.99219
43.04711,-88.04366
43.04043,-87.93433
42.98132,-87.87991
43.1121,-87.9565
43.05037,-87.99005
42.98318,-87.97721
43.03119,-87.91844
43.1188,-87.93466
42.9818,-87.91936
43.0029,-88.00133
43.07353,-87.96762
43.05042,-87.89487
43.12648,-87.98574
42.95231,-87.94909
43.05249,-87.93415
43.11904,-87.95637
43.03868,-87.91321
43.06442,-87.96771
43.10489,-88.06025
43.00301,-87.92865
42.99352,-88.04682
43.07272,-87.88781
43.14152,-87.96597
42.98816,-88.00222
42.98824,-87.93869
43.08472,-87.97006
43.06433,-87.94748
42.95937,-88.02303
43.15952,-87.95987
42.95968,-87.92937
42.95897,-87.86615
43.09367,-87.95717
42.9476,-87.939
43.09698,-87.94267
42.95896,-88.04609
43.09136,-87.93868
43.17953,-88.03212
42.98474,-87.97529
43.00291,-87.91852
43.05549,-87.98772
42.97387,-87.8943
42.95467,-87.93945
42.96892,-87.87229
43.01019,-87.95762
43.00267,-88.0153
42.88994,-87.91172
42.94379,-87.90967
42.95424,-87.99841
43.09289,-87.89776
43.0742,-88.04766
43.07142,-87.96717
42.95942,-87.92901
43.0636,-87.97898
42.95925,-87.99202
43.11948,-87.97598
43.09002,-88.01378
43.11167,-87.93321
43.10447,-87.95319
43.0955,-87.96718
43.01967,-88.027
43.02331,-87.91272
43.01659,-88.02458
42.98183,-88.04714
43.06599,-87.96732
42.9607,-87.98832
43.11852,-87.91382
42.98834,-87.89408
43.06758,-87.88815
43.05139,-87.91882
42.98846,-87.99976
43.07531,-87.94706
42.97037,-87.92924
43.13386,-88.00021
43.06055,-87.95774
43.06769,-87.92392
43.0198,-87.91815
43.00282,-87.97241
42.95934,-88.02788
43.13378,-87.95292
42.95938,-88.00656
42.95186,-88.00806
43.08968,-88.01415
43.01657,-88.05191
43.06034,-88.0278
43.12651,-87.93469
42.99713,-87.89905
43.00513,-88.02725
43.01624,-88.056
43.00302,-87.96756
43.09001,-87.91726
43.09012,-87.98668
43.12401,-87.91447
43.11966,-88.02066
42.94502,-87.92956
43.11206,-87.99377
43.0864,-88.00749
42.90925,-87.92091
43.13565,-87.98579
43.08431,-87.89762
43.08954,-87.92574
42.99371,-87.9288
42.98836,-87.93134
43.11195,-87.95627
43.02588,-87.98562
43.00277,-87.91392
43.0468,-87.8996
43.06761,-87.92706
42.96461,-88.00843
42.87075,-87.92887
43.01689,-87.91861
43.10775,-87.90713
42.96489,-87.98848
43.03883,-87.95369
43.11189,-87.95911
43.05774,-88.00766
43.03403,-87.99749
43.0708,-87.89791
43.0164,-88.01687
43.17802,-87.96624
43.12652,-87.95589
43.06951,-87.91417
43.01268,-87.94806
43.09628,-87.89995
43.06037,-87.93848
42.90806,-87.861
43.09924,-88.05256
43.14359,-87.95532
42.97561,-88.04773
43.04881,-87.97487
42.95937,-88.0224
43.05452,-87.89817
43.08177,-87.88257
43.05996,-87.88813
42.90963,-87.85707
43.08506,-87.99993
42.95723,-87.99836
43.0967,-87.957
43.01657,-88.04714
43.06798,-87.99765
43.1169,-87.93449
43.0011,-88.00758
43.03633,-87.99749
43.04052,-87.89959
43.11167,-87.93629
43.12392,-87.95157
43.0732,-87.91416
42.9786,-87.87798
42.91063,-87.87146
42.98457,-87.9191
42.94521,-88.00411
43.03106,-87.93288
43.08434,-88.00711
43.03848,-87.94761
42.99157,-87.88624
43.09438,-88.04888
42.95932,-87.90945
43.1193,-88.04154
43.10612,-88.01715
43.11184,-87.95343
43.07272,-87.95401
43.00496,-87.95797
43.10238,-87.95891
43.17487,-87.91239
43.11465,-87.93397
42.97666,-87.94816
43.00142,-87.91887
43.00172,-87.91872
43.15331,-87.91266
42.99142,-88.01728
42.99854,-87.93512
43.09552,-87.94218
43.06058,-87.93866
43.04225,-87.91106
43.1267,-87.9663
43.11818,-87.90689
42.93045,-87.93923
43.0642,-87.92898
43.10148,-87.98689
43.09008,-87.94706
43.03417,-88.02762
43.09733,-88.00679
42.98414,-87.91923
42.955,-87.90994
43.05001,-87.91441
42.97616,-87.95482
43.04388,-87.90322
43.1043,-87.9072
43.04564,-87.99508
43.15144,-87.9852
43.0576,-87.95767
43.01695,-87.96173
43.04467,-88.04693
43.05506,-88.00725
43.05523,-87.98743
43.0203,-87.97227
43.07439,-88.06041
43.11173,-87.96624
42.95949,-87.93861
43.10472,-88.00637
43.03876,-88.01479
43.06075,-87.97454
43.08107,-87.98735
43.10422,-87.94683
43.00129,-88.03339
43.0677,-88.02713
43.09338,-87.95687
43.11895,-87.92855
43.03531,-88.005
43.04282,-87.91875
43.08962,-87.95605
42.96863,-87.93874
43.01399,-87.91108
42.90883,-87.91098
43.09671,-87.98655
43.06586,-87.90542
43.01667,-87.99067
43.14116,-87.98546
43.06051,-88.01907
43.08042,-87.90515
43.04391,-88.02638
43.10879,-88.00638
43.07146,-87.94729
43.11921,-88.04893
43.14836,-87.95678
43.01713,-87.93277
43.05284,-87.90344
43.01714,-87.92784
42.97707,-87.98813
43.06069,-87.99994
43.01024,-87.97898
43.07519,-88.02984
43.03856,-87.90917
43.09679,-87.9468
43.08537,-88.02785
43.07444,-88.05565
42.98813,-88.00606
42.98806,-87.91905
43.04554,-88.06187
43.03159,-87.99746
43.07178,-88.00762
42.99901,-88.01721
42.96686,-88.00352
43.11915,-87.93972
43.04135,-87.91334
43.06393,-88.04795
42.9742,-87.93902
43.09908,-87.98656
42.93376,-87.93924
42.96655,-87.9881
43.03295,-87.94779
43.01309,-88.00007
43.08059,-87.91727
43.09968,-87.91709
43.00163,-88.02745
43.17763,-88.00051
43.02923,-87.91092
43.11219,-87.95015
42.99805,-88.03962
42.96257,-87.88536
43.04562,-88.01958
42.98794,-88.05003
42.98606,-87.91421
43.13424,-88.01545
43.0716,-88.02771
42.96636,-87.87033
42.93852,-87.8801
43.03975,-88.02639
43.10458,-87.94403
43.16505,-88.00437
43.03863,-87.95419
42.9885,-87.97391
42.98324,-87.97773
42.94814,-87.90947
43.17811,-88.00453
43.02308,-87.92521
42.95596,-87.86017
43.09718,-88.00215
42.98823,-87.89694
43.17796,-88.01655
43.06006,-87.89428
43.1193,-88.02575
42.9882,-87.9316
43.01093,-87.91182
43.11901,-87.95396
43.0456,-87.89961
43.01227,-87.93562
43.08914,-87.91169
43.08887,-87.89961
43.10458,-88.0527
43.06789,-88.00726
42.97485,-87.89459
42.91259,-87.87597
43.07518,-88.00499
43.04481,-88.02986
43.0604,-87.91396
43.08649,-88.00161
43.07923,-87.95733
42.96307,-87.91951
42.97357,-87.88963
43.06797,-88.0148
43.00284,-87.97734
42.94686,-88.00876
42.99882,-87.93514
43.03912,-87.90272
42.95902,-87.90238
43.07532,-87.96422
43.12496,-87.98612
42.92781,-87.86061
43.07498,-87.92356
42.98812,-87.87564
42.99576,-87.99776
42.96372,-87.99808
43.13336,-87.96662
42.97905,-87.98771
42.94182,-87.93941
43.08831,-87.98718
43.14684,-88.02506
42.98819,-87.99756
43.07118,-87.89484
43.07983,-87.89773
43.06779,-88.02711
43.09941,-87.95062
43.07489,-87.95742
43.00491,-87.93339
43.10476,-87.99694
43.05368,-87.94772
43.11195,-87.95384
43.08928,-87.89769
42.97168,-87.87961
43.10468,-88.05314
42.95717,-87.85994
43.08835,-88.00261
43.06788,-88.01505
43.06806,-87.97726
42.98837,-87.96061
42.95915,-88.00645
43.07507,-88.00717
42.98801,-88.06522
42.95073,-87.85012
43.07514,-87.95774
43.0817,-87.98739
43.06019,-88.05602
42.98822,-87.9697
42.97567,-87.86008
43.01837,-87.98285
43.15286,-87.91257
42.95943,-88.00123
43.01223,-87.92836
43.05573,-87.96377
43.00091,-88.00736
43.11922,-87.9789
42.95385,-87.98847
43.11156,-87.9337
43.14877,-88.02582
43.11744,-88.03233
43.10463,-88.06004
43.05942,-87.97082
43.10497,-87.99504
43.04653,-87.91427
43.04853,-87.93427
43.03746,-87.91586
43.01608,-88.00707
42.96392,-87.91937
43.11314,-87.90675
42.999,-87.95081
43.06772,-87.92669
43.01646,-88.01982
43.06038,-87.93288
42.99126,-87.93836
42.95926,-87.95391
43.01068,-87.93068
43.01006,-87.99239
42.94636,-87.84981
43.11945,-88.01642
43.11933,-87.95385
43.11968,-88.01832
43.00301,-87.91885
42.9842,-87.88121
43.07111,-87.92417
43.10448,-87.97169
43.021,-87.93301
42.98847,-88.06707
42.96625,-88.04754
43.09691,-87.9469
43.10992,-87.96247
43.10844,-87.95664
43.09181,-88.04788
43.09779,-87.91679
43.03757,-87.91913
43.05126,-87.99692
43.0093,-88.00747
43.03862,-87.91877
42.97,-87.90936
43.10459,-87.98687
43.11974,-87.95045
43.04581,-87.90978
43.06969,-87.9054
43.07165,-87.8979
43.02268,-87.93704
43.06766,-87.93777
43.07965,-87.89747
43.06937,-87.95008
43.00308,-87.94845
42.94246,-87.99851
42.95191,-87.91396
43.14136,-88.04507
43.08906,-87.88476
43.03811,-88.0469
43.0896,-87.92313
43.08723,-87.93119
43.03219,-87.99749
43.03597,-87.91883
43.10262,-88.0139
43.03852,-87.92742
43.16202,-87.91158
43.02081,-87.96985
43.05254,-88.00451
43.04339,-87.89961
43.00291,-88.0274
42.94837,-87.94874
43.01629,-88.03865
43.01711,-87.93671
43.11876,-87.91392
43.04252,-87.96794
43.07334,-87.96722
43.01224,-87.93329
43.07718,-87.94732
42.92995,-87.9496
43.10443,-87.95976
43.06024,-87.88344
43.03895,-87.98408
43.06748,-87.91126
42.95924,-87.95084
43.03678,-87.98436
43.14872,-87.95899
43.01019,-87.99206
42.91856,-87.95002
43.06803,-87.95961
43.0027,-88.00727
43.06559,-87.91393
42.95938,-87.92518
43.08275,-88.00759
42.97006,-87.91934
42.9918,-87.9286
43.07303,-87.93091
43.06604,-87.88302
43.02851,-88.00367
43.02308,-87.92956
43.00272,-87.91575
42.9883,-88.0597
43.05931,-87.89818
43.04297,-87.91048
43.10471,-87.99572
43.00279,-87.92868
42.96119,-87.88279
42.93765,-87.95249
42.96667,-87.87981
43.17235,-87.91256
42.98629,-87.8942
43.05072,-87.89824
43.00289,-88.00372
42.96012,-87.8619
42.9595,-87.94363
42.9799,-87.99769
43.03717,-87.91108
42.94499,-88.00833
43.04449,-87.9401
43.06762,-87.92945
43.07642,-87.90511
43.07486,-88.03011
43.03618,-88.06299
43.11189,-87.98598
43.07539,-87.98693
42.99449,-88.04589
42.97045,-88.00836
43.03555,-88.04679
43.07518,-87.97753
43.09701,-88.01504
43.10444,-87.95284
43.07526,-87.95087
43.05078,-87.91845
42.95931,-87.90181
43.14108,-87.96559
43.11965,-87.99836
43.07517,-87.975
42.9591,-87.85527
43.02104,-87.92518
43.02031,-87.97479
43.05559,-87.90525
42.95896,-87.8973
42.98486,-87.8818
43.06004,-87.88371
43.08911,-87.90687
43.00434,-87.92826
43.12631,-87.9351
42.95221,-87.99843
43.07522,-88.00694
43.13822,-88.02562
43.18243,-88.02446
42.90846,-87.95041
43.03889,-87.95731
43.03892,-87.90178
43.06038,-87.91095
42.97725,-88.02757
43.08277,-87.96751
42.96453,-87.86867
43.07791,-88.06633
43.00865,-88.02032
43.04949,-87.98331
43.10516,-88.02771
43.00318,-87.94407
43.00281,-88.04708
43.13229,-87.98639
42.9337,-87.86114
43.00297,-87.90451
43.0067,-87.93334
43.01654,-88.06596
43.18275,-88.00459
43.13227,-87.98595
43.04564,-87.90341
43.07504,-88.04297
43.08624,-87.87778
43.04955,-87.89833
43.11359,-87.95626
42.95932,-87.89703
43.03885,-87.9144
43.05137,-88.00502
42.99239,-87.88824
43.05235,-87.91422
42.90239,-87.91122
42.98293,-88.0178
43.01053,-87.96747
43.11935,-87.99552
43.01517,-88.00026
42.99192,-87.98754
43.01659,-88.04934
43.11932,-88.02859
42.94284,-87.98992
43.07489,-87.91083
43.06055,-87.96016
43.05317,-87.89804
43.06024,-88.03138
43.06523,-87.98174
43.1267,-87.95203
42.996,-87.89697
43.05383,-87.92698
42.94191,-87.92929
43.04867,-87.97044
43.05152,-88.00498
43.03869,-87.98013
43.07095,-87.8882
43.17875,-88.01128
42.95904,-88.02825
43.07455,-88.05257
43.10482,-87.97614
42.98827,-87.9781
43.08246,-87.95701
42.99946,-87.98773
43.06057,-88.00731
43.08821,-88.00748
43.07498,-87.9261
43.04868,-87.93763
43.04245,-87.90357
43.12997,-87.93317
43.01683,-88.01735
43.00282,-88.02209
42.96866,-88.00789
43.11207,-87.99637
42.99462,-87.95813
43.07465,-87.8981
43.00041,-87.9486
42.97585,-87.93896
43.05267,-87.91991
42.9213,-87.91074
43.13413,-87.99137
42.96657,-88.00718
42.9919,-87.90444
42.93776,-87.90944
43.07177,-87.95728
42.97728,-88.01768
43.02338,-87.98678
43.04726,-87.9272
43.05756,-87.88967
43.01512,-88.00734
43.00269,-87.92838
42.98848,-87.93596
42.98834,-88.0272
43.06792,-87.97511
43.05544,-88.00768
43.06775,-87.92911
43.13367,-87.96579
43.08894,-87.90719
42.98082,-87.87938
43.07135,-87.91415
43.04392,-87.90338
42.95919,-87.85981
42.96683,-87.98845
43.00481,-87.94175
43.0748,-88.02742
43.01235,-87.91514
43.12819,-87.99106
43.03891,-87.97504
43.01008,-87.92548
42.98807,-88.02385
43.06972,-87.93004
43.04006,-87.91881
43.01846,-87.99997
42.98789,-88.0474
43.06792,-87.9448
42.96214,-87.88434
43.01035,-87.95516
43.00045,-88.04673
43.02149,-88.02705
43.06409,-87.96732
42.99553,-87.90444
42.93952,-87.85002
43.0081,-87.99782
43.11949,-87.97337
43.04469,-87.96105
43.07843,-87.89777
43.02292,-87.93677
43.05001,-87.96354
43.03871,-87.9163
43.07942,-87.87798
43.05735,-87.98768
42.96617,-87.86989
42.93268,-87.91004
42.98457,-87.99761
43.0346,-87.93288
43.07539,-87.96759
43.00837,-87.95764
43.00247,-88.0347
42.92512,-87.93137
43.10602,-87.91675
43.07162,-87.98733
42.90951,-87.85196
42.99512,-88.04684
43.04019,-87.92453
42.97666,-87.95822
42.90185,-87.86544
43.10487,-88.01639
43.03886,-87.98725
43.02676,-87.95751
43.00253,-88.02737
43.05076,-87.9035
43.0451,-88.03057
43.0874,-87.97275
43.08864,-88.05963
43.09679,-88.0275
43.04421,-87.94312
43.17841,-88.00917
43.11217,-87.99093
42.92812,-87.94969
42.98825,-87.98812
43.06235,-87.97654
43.04029,-87.9241
43.02218,-87.99978
42.97388,-87.89229
42.98644,-87.91907
43.06929,-87.8881
43.05035,-87.98743
43.07543,-88.0103
43.00293,-87.9211
43.01992,-88.0637
43.14389,-87.91282
43.10261,-88.01446
43.01889,-87.91815
43.09729,-88.0096
43.0385,-87.93313
43.09578,-87.88736
43.09922,-87.9167
43.17606,-87.91972
43.06757,-87.9217
43.03602,-88.05696
43.04955,-87.90355
43.12689,-88.02548
43.09529,-87.94181
43.04726,-87.96559
43.01686,-87.95289
43.08785,-87.95134
43.06746,-87.8831
43.06807,-88.00717
43.05291,-87.92722
42.93348,-87.87991
43.07332,-87.98726
43.11918,-87.97112
43.08212,-87.9051
43.02306,-87.91815
43.06018,-88.02226
42.96907,-87.87988
43.05509,-87.96206
43.04734,-87.99691
43.11309,-87.89987
43.0027,-88.04283
42.9595,-87.99143
43.04491,-88.027
43.11248,-88.0555
43.10519,-88.01671
43.08468,-88.02755
43.11892,-87.9405
43.06767,-87.91685
42.99732,-87.93643
43.07104,-87.89509
43.04171,-87.92729
42.98832,-87.96565
42.92983,-87.91756
42.95512,-88.00641
42.99606,-87.91225
42.94601,-87.90375
43.11947,-87.98095
42.97913,-87.91917
42.92548,-87.93227
43.11228,-88.01161
43.07431,-88.06535
42.9575,-87.85028
43.03454,-87.91247
43.11941,-87.95036
42.96657,-88.0181
43.0752,-87.9853
43.10449,-87.97282
42.98095,-87.9977
42.98819,-87.9266
43.06042,-87.93907
43.01031,-87.94398
43.00628,-87.92621
42.98854,-87.93829
43.03616,-87.91909
43.01154,-88.00717
42.9573,-87.85008
43.06443,-87.95753
43.0445,-87.94267
42.95925,-87.98554
43.10492,-88.05266
43.06065,-88.00228
43.11229,-88.00083
43.04449,-87.97873
43.06086,-87.87986
43.03866,-87.95733
43.01198,-88.00744
43.11955,-88.04121
43.06792,-87.97767
42.93515,-87.90975
43.09158,-87.95578
43.04834,-87.90355
43.07101,-87.90518
42.94638,-87.85985
43.15337,-87.95795
43.10744,-87.89726
43.06782,-87.95132
43.06027,-88.04682
42.91102,-87.87602
43.03862,-87.948
43.03884,-87.92697
43.04212,-87.96413
42.95153,-88.00295
42.98188,-87.97933
42.98097,-87.98772
43.01645,-88.02358
43.10679,-88.04593
43.00276,-87.90391
43.17754,-87.97466
43.00112,-87.9976
43.06989,-87.95748
43.01247,-87.98749
43.06743,-87.89811
43.11909,-87.95079
43.07038,-87.98702
43.13416,-87.99495
43.09699,-88.05149
43.03859,-87.94302
43.11394,-87.95646
43.06777,-87.94018
43.11948,-87.98816
42.98848,-87.96766
43.10063,-87.95823
43.04592,-87.91127
43.03887,-87.94274
43.12022,-88.00571
42.93039,-87.9144
43.00679,-87.95792
43.0458,-87.89982
43.00281,-88.01478
42.96657,-88.02798
43.00648,-87.99807
43.10419,-88.05314
42.97374,-87.88048
43.15085,-87.95719
43.04359,-87.95965
43.06068,-88.01599
42.98685,-87.8829
43.05242,-87.91735
42.92505,-87.8602
43.07525,-87.96709
43.07479,-87.93132
43.09626,-87.90012
43.0166,-87.99938
43.11017,-88.0223
43.0436,-87.95779
43.11188,-87.96917
42.98687,-87.93872
43.06798,-88.00315
43.04981,-87.98516
43.06732,-87.90525
43.11945,-88.00876
42.99588,-87.89641
43.01662,-87.99772
43.01722,-87.91835
43.11609,-87.90693
42.98853,-87.99491
43.05129,-87.99666
43.01628,-88.04456
43.04619,-87.99721
43.08938,-87.90708
43.0444,-87.95546
43.10435,-87.95072
43.00274,-88.00415
42.94782,-87.90286
42.95726,-87.92941
43.08979,-87.99231
43.06055,-87.97493
43.06077,-87.97787
43.06091,-88.00764
43.08905,-87.88758
43.04333,-87.98384
43.07499,-87.92139
43.04553,-88.06425
42.99935,-87.92862
42.98205,-88.04755
43.08969,-87.93553
43.04767,-87.92385
43.01078,-88.01726
43.11949,-87.9664
43.06049,-87.9325
43.04491,-88.02609
43.11219,-88.00644
43.14844,-87.94105
43.04428,-87.91879
42.95194,-88.00443
43.00114,-87.92841
42.98125,-87.92905
43.08966,-87.97121
43.10505,-87.99925
43.04126,-88.02644
43.02555,-87.9476
42.99008,-87.91899
43.04289,-87.90329
43.04449,-87.93768
42.95216,-88.00794
42.95909,-88.0223
43.01686,-87.91105
43.08258,-88.048
43.10429,-87.91706
43.08637,-87.92096
43.00336,-87.94831
42.99589,-87.95606
42.9885,-87.96282
43.0529,-87.89845
43.06067,-87.99236
42.94531,-87.98859
42.94455,-87.92929
43.08993,-87.93619
42.99572,-87.91895
43.08607,-87.94702
43.08335,-88.06623
42.99706,-88.01725
43.01014,-87.94777
43.05856,-88.02198
42.98678,-87.91917
42.95728,-87.94896
43.14992,-88.04665
43.10448,-87.93524
43.10496,-88.04322
43.06045,-88.02278
43.14304,-88.04508
42.91808,-87.87127
42.898,-87.85526
42.97371,-87.98782
43.01011,-87.96806
43.12683,-87.98608
43.12472,-87.9858
42.98787,-88.04689
43.0102,-87.96731
43.17785,-87.97004
43.04919,-87.90336
42.91789,-87.87111
43.03885,-87.91739
43.0127,-88.00239
42.97037,-87.91944
43.06808,-88.00385
42.96637,-87.92906
43.03001,-88.02763
43.12387,-87.93545
43.05442,-87.95506
42.9882,-87.89949
43.06809,-87.99723
43.05994,-87.90536
43.0825,-87.99574
43.11988,-88.02616
42.98537,-88.04741
43.06738,-87.90059
42.99192,-88.01771
43.04208,-88.04213
43.01103,-88.01685
43.11468,-87.95001
43.07358,-87.95716
42.9766,-87.89459
43.13388,-88.02526
43.01022,-87.91851
43.03546,-88.03027
42.9668,-87.92928
43.07767,-88.00712
43.10641,-87.94774
43.0896,-87.93064
43.06802,-87.96978
42.96812,-88.00149
43.06773,-87.92574
42.95903,-87.91937
43.06781,-87.92153
43.04647,-88.01495
43.07502,-87.94004
42.98855,-87.90453
43.03898,-87.90453
43.10039,-88.01272
43.06272,-87.92882
42.90249,-87.86533
43.10475,-88.04361
43.15964,-87.96052
43.02178,-87.95284
43.00284,-87.93147
43.07693,-87.94721
43.09356,-88.02786
43.01653,-88.06065
42.98444,-87.94847
43.0457,-87.94761
43.07874,-87.98741
42.98821,-87.92418
42.9882,-87.99524
43.00454,-87.93318
43.14899,-88.02536
43.04853,-87.93551
43.08066,-87.987
43.09453,-87.89883
42.98801,-88.01734
43.02107,-87.96505
43.08619,-88.00706
43.08979,-87.99734
43.04636,-87.99747
43.09901,-87.9577
43.08949,-88.03298
43.06609,-88.00735
43.112,-87.99068
43.07535,-87.95798
43.1336,-88.00608
42.99019,-87.8848
43.08246,-88.02782
43.07468,-87.90792
43.04015,-87.91929
43.07897,-87.96711
43.00274,-88.05114
43.0458,-87.91449
43.00294,-88.02694
43.02204,-88.04734
43.14411,-87.9654
43.05254,-87.93795
42.97908,-87.93867
43.039,-87.95783
43.06046,-88.03978
43.1158,-87.95648
42.99932,-88.01752
43.01919,-87.94806
42.93007,-87.93027
42.93754,-87.85005
43.08738,-87.97344
43.07123,-87.88807
42.92891,-87.87045
43.04538,-88.06245
43.0748,-87.88792
43.09922,-88.00731
43.04142,-87.91797
43.04421,-87.93565
43.09873,-87.94942
43.03854,-87.95763
43.08192,-87.99731
42.98098,-87.9808
42.97358,-88.01778
43.06809,-87.99951
43.07781,-87.87802
43.0893,-87.931
43.02386,-88.04735
42.94694,-87.98889
43.06783,-88.01757
43.06085,-87.94769
42.92719,-87.91
43.00298,-87.9768
42.96929,-87.92925
42.9736,-87.89394
43.01309,-88.00026
43.07522,-87.88305
43.02301,-87.91112
43.05414,-87.89132
43.0753,-88.02224
43.10509,-88.0183
43.00324,-87.94786
43.06808,-87.95749
42.91557,-87.9136
43.07567,-87.98713
43.11181,-87.95632
43.11898,-87.94408
43.04859,-87.96525
43.13588,-87.95329
43.08275,-87.99206
42.98259,-87.88036
43.06034,-87.92715
42.98306,-87.929
43.11927,-87.99122
43.10481,-88.0022
43.08964,-87.89517
43.08468,-87.93607
42.97384,-87.88937
43.0487,-87.94012
43.11205,-87.98111
42.92652,-87.87067
42.97972,-88.04763
43.08903,-87.90001
43.04791,-87.90331
42.99585,-87.98792
43.04402,-87.97575
43.01582,-88.02725
43.04308,-87.95758
43.0166,-88.0342
43.03374,-88.01707
43.03863,-87.90794
42.91563,-87.91991
43.01665,-88.0195
42.98866,-87.988
43.03529,-88.04785
43.06019,-88.03692
43.08979,-87.93637
43.0713,-87.92372
43.0662,-87.88312
43.00655,-87.9577
43.07505,-87.93096
43.11965,-88.02818
43.04565,-87.92706
43.08974,-88.00759
43.01234,-87.93837
43.00618,-87.91131
42.9881,-88.00797
42.99531,-87.89574
43.02648,-87.91285
42.95673,-88.00857
42.98821,-88.04026
43.13394,-88.00612
43.08909,-87.87751
43.10477,-87.97381
43.0751,-87.96771
43.01223,-87.93098
43.0711,-87.8877
43.13391,-88.02572
43.02256,-87.9875
43.08965,-87.96236
43.08866,-87.88756
43.03858,-87.9973
42.95886,-87.91962
42.94451,-87.85987
42.95917,-87.93921
42.99967,-87.95033
43.07469,-88.04317
43.07478,-88.05579
43.03479,-88.03823
43.04226,-88.04267
43.08785,-87.89828
43.07514,-87.94755
42.90686,-87.92013
43.00274,-87.98737
43.04548,-87.91423
43.06599,-87.91424
43.06524,-87.98209
43.03884,-87.99723
43.05988,-88.05913
43.04544,-88.05646
42.90785,-87.85182
43.06783,-87.94731
42.98851,-87.99176
43.06755,-87.92427
43.03845,-88.01511
43.0912,-87.93813
42.97917,-87.95812
43.05829,-88.02161
43.07312,-87.90533
43.07282,-87.90022
43.11945,-88.0235
42.91758,-87.85847
43.01441,-87.93319
42.98477,-88.047
42.9811,-87.95814
43.00288,-87.9648
43.16282,-87.98464
43.07746,-87.88277
43.08739,-87.89801
42.93031,-87.95129
43.06762,-87.90566
43.07477,-87.88091
43.09962,-87.9025
43.09709,-88.00684
43.00277,-87.91123
42.98806,-88.0178
43.07478,-87.90258
43.12684,-87.99106
43.03866,-88.01902
43.06787,-87.93734
43.06057,-87.92827
42.95916,-87.86543
43.01041,-87.95258
43.09673,-87.92686
43.09516,-87.96682
43.05209,-88.00374
43.02047,-87.97479
43.01176,-88.04699
43.07505,-88.04047
43.02411,-87.93295
43.11919,-87.9737
43.0029,-88.00724
43.06957,-87.95733
42.96918,-87.87277
43.07478,-87.88143
43.06392,-87.89801
43.05616,-87.94752
43.11823,-87.93448
42.98825,-88.0361
43.02944,-87.99996
43.0349,-88.04193
43.01998,-88.0174
43.04811,-87.91083
42.97394,-87.90971
42.95081,-87.85991
43.05655,-87.91873
43.04948,-87.99662
43.05028,-87.9638
42.98905,-87.94799
43.01175,-87.92827
42.9812,-88.00801
43.01027,-87.91869
43.11188,-87.97163
43.00632,-87.99784
42.96015,-87.88956
43.18101,-88.02446
43.11449,-88.05552
42.95203,-87.9193
43.1006,-87.96664
43.06079,-87.99203
43.01662,-87.99349
42.91685,-87.94966
43.05859,-87.88512
42.9377,-87.92964
43.06037,-87.9674
43.0552,-87.9622
43.0028,-87.98776
43.03879,-87.90748
43.04051,-88.02648
43.05633,-87.91834
43.10073,-87.95265
42.99548,-88.04412
43.06261,-87.88317
43.01011,-87.99017
42.99702,-88.00739
43.06046,-87.94388
43.18431,-88.0051
43.14618,-87.91327
43.0285,-88.00702
43.06374,-87.9198
42.93749,-87.94901
42.97548,-87.92898
43.07154,-87.93207
43.02856,-87.99976
43.05429,-87.89801
42.97362,-87.93877
43.07876,-87.94105
42.89369,-87.91159
42.97701,-87.99802
43.08985,-88.03728
43.06764,-87.91384
43.05282,-87.94259
43.00847,-87.9258
42.96238,-87.8797
43.01247,-87.94065
43.11204,-87.96616
43.04965,-87.9835
43.03892,-87.92416
42.94244,-87.99092
42.97761,-87.93892
43.07859,-88.02751
43.00684,-87.93796
43.12045,-87.91674
43.10465,-87.99156
43.01627,-88.04972
43.04972,-87.98543
43.06694,-88.0457
42.95952,-87.95845
43.06373,-87.91401
43.08224,-87.93475
43.00849,-88.04698
43.14141,-88.02555
43.03877,-87.90484
42.93035,-87.95774
43.01036,-87.96801
43.01712,-87.94207
42.95925,-87.85102
43.00275,-88.00179
43.06938,-87.9297
43.0189,-87.98009
43.00295,-87.99928
43.09144,-88.02757
43.09874,-87.98699
43.03855,-87.92395
43.07685,-87.95722
43.05191,-87.99955
43.04705,-87.8999
42.96343,-87.93909
43.05294,-87.90362
43.0217,-88.04691
43.11922,-88.03494
43.09008,-88.00696
43.10506,-88.03335
43.1192,-88.00621
43.068,-87.98768
42.93046,-87.93205
42.99352,-87.92858
43.0838,-87.9049
43.11123,-88.02445
43.08421,-87.91986
43.08391,-87.92363
42.98867,-87.94794
43.17756,-87.97033
43.01011,-87.98405
43.10482,-87.98125
43.10031,-87.92888
42.99747,-87.89934
42.90764,-87.865
43.0082,-87.92558
43.07507,-88.01259
43.10488,-88.02489
42.98818,-87.90208
43.05469,-87.95741
43.09693,-87.98715
43.10462,-87.98883
43.06781,-87.95423
42.94491,-87.85004
43.06742,-87.91981
42.99934,-87.99758
43.00281,-87.96804
43.06018,-87.91141
43.00309,-87.93347
42.98841,-88.01979
42.96181,-87.91952
43.0627,-87.98764
43.06213,-88.04793
43.08205,-87.87784
42.9886,-87.95791
43.03859,-87.95057
43.08939,-87.90962
43.0029,-87.94269
43.09881,-87.95747
43.05596,-87.89796
42.96195,-88.04765
43.08358,-87.94732
43.03385,-87.95787
43.04559,-88.05707
43.06909,-87.89768
43.07118,-87.93061
43.11947,-88.00634
43.04525,-88.0237
43.06799,-87.95096
42.95066,-87.84991
42.95967,-87.94892
43.01818,-88.04687
43.15206,-87.98543
43.00271,-88.01025
43.00273,-88.03198
43.11187,-87.94762
42.99548,-87.99736
43.06777,-87.94263
42.97042,-87.87356
43.14244,-87.91269
43.17749,-87.98472
43.15456,-88.0286
42.90474,-87.94093
43.06035,-87.91981
42.92351,-87.8599
42.95923,-87.94909
43.01713,-87.91806
42.97406,-87.91939
43.06803,-87.97222
43.08426,-87.89741
43.07752,-87.91983
43.17662,-87.9138
43.04114,-88.02013
43.06066,-88.01837
42.93013,-87.93816
43.04803,-87.89962
43.03864,-87.95912
43.04552,-88.06647
43.10506,-88.0018
43.06777,-88.0226
43.06043,-87.93726
43.04431,-87.95757
42.97941,-88.01791
43.11946,-87.98587
43.10035,-88.01209
43.09801,-87.9011
42.9949,-87.95825
43.02647,-87.9112
42.995,-87.89467
43.11964,-88.02315
43.09705,-87.9851
43.0605,-87.98766
43.09524,-88.0501
43.0444,-87.95304
43.09696,-87.92739
43.04355,-87.91097
43.07502,-87.92857
43.07512,-87.95119
43.08006,-88.04758
43.09733,-87.94733
43.1197,-88.00324
43.0095,-88.0168
43.04709,-87.92294
42.99655,-87.93825
42.95477,-87.91958
42.92769,-87.86032
43.04584,-87.90599
43.09845,-87.8875
43.11951,-88.04555
43.06786,-88.02236
43.03271,-87.90938
43.01245,-87.93316
43.04843,-87.89676
42.98821,-87.92174
43.04863,-87.93518
42.88312,-87.91709
43.11128,-87.91653
43.07131,-87.90536
43.08319,-87.94707
42.97206,-87.8798
43.01497,-88.04703
43.07498,-87.90532
42.95906,-88.02279
42.98824,-87.97434
43.03578,-88.01603
42.99779,-87.92869
42.96637,-87.90942
43.00911,-88.00721
43.01226,-87.92008
43.05271,-87.92341
43.04452,-87.93519
43.10838,-87.93238
43.05646,-87.93406
43.01671,-88.01267
43.05489,-87.96013
43.11923,-87.94347
43.04892,-87.96798
43.11669,-88.05548
43.08431,-87.98689
43.05915,-87.95744
43.11396,-87.91648
43.1195,-87.97866
42.95947,-87.99497
43.08967,-88.05073
43.09534,-88.02787
43.06754,-87.90944
42.96444,-87.85995
43.10451,-87.97454
42.94906,-87.85988
42.98494,-87.93876
43.039,-88.01952
42.98854,-87.92892
43.01235,-87.92792
43.18287,-87.96378
42.95497,-87.85022
42.94279,-87.88003
43.11628,-87.9018
43.05874,-87.89788
43.08046,-88.00712
42.95923,-87.98837
43.11358,-87.96618
43.03189,-87.91866
43.02283,-87.93329
42.95474,-87.86014
43.04861,-87.9527
43.00277,-88.0295
43.08576,-87.90485
42.95926,-87.98885
43.0261,-88.06371
43.00265,-88.02237
43.01233,-87.92534
43.0607,-88.00414
43.17751,-87.98965
43.00299,-87.97218
43.11722,-87.95017
43.00283,-87.9082
43.08998,-87.95681
42.94106,-87.94891
43.01672,-88.0074
43.04258,-88.01394
43.03114,-87.99727
43.05317,-87.9635
42.97225,-87.93881
43.07089,-87.88784
43.06795,-87.98002
42.95021,-87.93891
43.06259,-87.95759
43.08377,-87.94755
43.07773,-87.91572
43.1495,-87.91473
42.97673,-87.98777
43.04475,-88.02078
43.00278,-87.93327
42.91989,-87.87119
42.90105,-87.86568
42.98455,-88.01753
43.11917,-87.96639
43.07915,-87.93323
43.08128,-87.95729
43.10423,-87.93157
43.09148,-87.95691
42.98707,-87.97143
43.04476,-87.95775
43.01668,-87.96741
43.0971,-88.01019
43.04438,-87.9508
43.06054,-87.95542
43.01994,-88.05741
43.10735,-87.94823
42.96797,-87.91945
43.07551,-88.00462
43.11546,-87.9662
43.11903,-87.94654
42.96657,-87.91944
42.981,-87.93863
43.08592,-88.0479
43.04888,-88.06678
43.11033,-88.01974
43.07509,-87.94724
42.9757,-87.87616
43.04425,-87.9475
43.05026,-87.95771
43.03903,-87.99752
43.04688,-87.91447
43.00727,-87.98753
42.95495,-87.90942
43.03833,-87.9092
42.9422,-87.92956
43.09444,-87.89897
43.02128,-87.96459
43.08629,-87.94713
42.9882,-88.0
43.10143,-87.90486
43.10095,-87.95852
43.03628,-87.94785
43.02028,-88.04733
42.98817,-87.90715
43.08251,-87.98693
43.00282,-88.01003
42.98116,-87.95709
43.06753,-87.92005
43.1121,-87.99876
42.98814,-87.91931
43.10511,-88.02589
42.90093,-87.87196
43.08799,-88.00704
43.04177,-88.04044
43.048,-87.94758
43.00254,-88.02936
43.06431,-88.00731
42.91596,-87.91754
43.08951,-88.04805
43.04451,-87.92723
43.10619,-87.91699
42.93432,-87.85004
43.00277,-88.05421
43.1084,-87.98603
43.0225,-87.94479
43.01023,-87.96479
43.13559,-87.95366
43.01688,-87.92819
42.99208,-88.02764
43.01226,-87.94363
43.04857,-87.94541
43.01218,-88.00525
43.10087,-88.00674
43.07542,-87.94735
43.0189,-87.91112
43.04617,-88.01505
43.08825,-87.93309
42.95862,-88.00632
43.08998,-87.96194
43.10201,-87.94643
43.02739,-88.00742
43.03267,-87.94763
42.97008,-87.99835
42.96071,-87.88978
42.94455,-87.94886
43.02239,-87.94747
42.98312,-88.02746
43.06078,-87.98968
42.96294,-87.8673
43.17811,-88.0088
42.97333,-88.02792
42.92452,-87.94937
42.97413,-87.98816
43.03868,-87.97553
43.06724,-87.88789
42.99577,-88.01725
42.94783,-87.93933
43.01409,-87.98749
43.09713,-88.02135
42.98829,-87.95841
42.96131,-87.99852
43.04544,-88.02075
42.98836,-88.04733
42.93043,-87.91041
42.99743,-87.91882
43.01655,-88.06315
43.10496,-88.04574
42.96247,-87.88576
43.08549,-87.92044
43.13038,-87.98601
43.12954,-87.98622
42.93,-87.92991
43.10434,-87.94615
43.04272,-87.91433
43.00291,-87.89594
42.98844,-87.96527
43.04585,-87.91955
43.06052,-87.9349
43.06599,-87.87802
43.112,-87.96317
42.97937,-87.93886
43.04976,-87.91394
43.06785,-87.96007
42.99466,-87.89445
43.0599,-88.05661
42.96465,-87.98817
42.95864,-88.00855
42.90088,-87.86964
43.05663,-87.90544
43.00813,-88.04657
43.0751,-87.97014
43.09671,-87.96674
42.92991,-87.87089
43.00306,-87.93808
43.01235,-87.91968
43.08932,-88.05117
42.93417,-87.94907
43.1476,-87.91372
42.99916,-87.98738
43.00467,-87.95777
43.04858,-87.943
43.0882,-87.9335
43.1171,-87.95054
43.03894,-87.96991
43.11213,-88.00122
43.13407,-88.0329
43.0748,-87.8862
43.13789,-88.006
43.04144,-87.94779
43.1029,-88.00671
43.01184,-88.0071
42.93047,-87.92998
43.04135,-88.04687
43.06068,-87.96214
43.06566,-87.91979
43.13395,-88.0109
43.17827,-87.96114
42.97007,-87.929
43.11211,-87.9866
43.07464,-88.04554
43.0748,-87.90502
42.95923,-87.96573
42.98821,-87.99791
43.01211,-87.99813
43.08952,-88.02792
43.07105,-87.89748
43.0454,-88.05997
43.1827,-87.96326
42.95256,-87.85992
43.06778,-87.91422
43.04995,-87.98774
42.94698,-87.98855
43.01669,-87.98801
43.04579,-87.91467
43.01433,-87.94804
43.06727,-87.88297
43.07516,-88.03757
43.08929,-87.87992
43.01685,-87.91712
42.95915,-87.99834
43.06012,-87.91989
43.05542,-87.96339
42.91612,-87.87116
42.92552,-87.91067
43.00295,-87.99665
42.9592,-87.86976
43.07305,-87.93381
42.93405,-87.94951
43.07455,-87.90015
43.07902,-87.88261
43.06013,-88.04036
42.91055,-87.86061
42.91235,-87.86049
43.05037,-87.8981
43.16334,-87.98503
42.99484,-87.91361
43.11533,-88.02578
43.01657,-88.0419
43.00634,-87.91116
43.05632,-87.89809
43.00312,-87.90449
42.97731,-87.92895
42.9061,-87.85193
43.0346,-87.91681
43.00662,-87.98733
43.01693,-87.9453
43.06752,-87.90766
43.07485,-87.92938
43.0167,-87.9575
43.03508,-88.03782
43.07539,-87.98952
42.92547,-87.93058
43.05582,-87.92708
43.08929,-87.88688
43.05879,-88.00768
43.03841,-87.9329
42.954,-87.92945
43.05562,-87.92689
43.03858,-87.91916
43.08213,-87.89765
42.9881,-87.89437
43.08959,-87.94697
43.09706,-87.96716
43.00624,-87.90674
43.08228,-87.96745
42.98796,-87.87596
43.14476,-87.96589
43.11216,-87.96656
43.07101,-87.89065
43.01646,-88.0222
43.00852,-87.99815
43.01634,-88.03187
43.04441,-87.98978
43.05079,-87.99224
43.13667,-87.9132
43.14615,-87.98539
43.0442,-87.94058
43.06055,-88.01586
43.05999,-87.88077
43.14806,-87.91435
43.04985,-87.98723
43.0678,-88.02015
42.98825,-88.03466
43.07928,-87.96744
43.1119,-87.97407
43.07743,-87.88768
43.06619,-87.95751
43.07125,-87.9139
43.04535,-88.06473
42.9884,-88.0148
43.07509,-87.98713
42.98289,-87.9179
43.12991,-87.95213
43.02361,-88.02708
43.04307,-87.97277
43.01018,-87.96064
43.00088,-87.94854
43.08273,-87.98951
42.98835,-87.89668
42.91588,-87.91121
42.94817,-88.00826
43.00295,-87.91681
43.0274,-88.00808
43.04871,-87.94265
43.00111,-87.94799
43.01659,-88.02209
43.03895,-87.94782
43.073,-87.888
43.01233,-87.92928
43.08961,-88.00702
42.9985,-88.02707
43.04713,-87.96523
42.99443,-88.01762
43.08109,-87.944
43.02707,-87.95776
43.14119,-88.02514
43.01307,-88.01719
43.18114,-88.03301
43.0516,-87.9479
43.10473,-87.99961
43.11814,-87.90239
43.01029,-87.92566
43.07806,-87.88266
43.09987,-88.02778
43.09015,-87.95721
43.00228,-88.03215
43.04864,-87.96576
43.01633,-88.03339
42.98825,-88.04674
43.09009,-88.00387
42.98824,-87.95794
43.05631,-87.95749
43.06769,-87.91967
42.97363,-87.91931
42.97398,-87.9981
43.0231,-87.92545
42.95954,-87.96199
43.07733,-87.96047
43.09939,-88.02744
43.13571,-87.98615
43.06754,-87.92914
42.97947,-87.98804
43.06913,-87.90522
43.07465,-87.95722
42.98855,-87.94211
43.11843,-88.04949
43.0426,-87.90673
43.06043,-88.0422
43.04886,-88.00531
43.10483,-87.97873
43.01235,-87.99448
43.01013,-87.98169
43.0975,-88.01036
43.02347,-88.0469
43.01706,-87.94485
43.03372,-87.99727
43.14402,-88.02551
43.10483,-88.02772
43.02178,-87.94762
43.10123,-88.00724
42.95929,-87.89951
43.07494,-87.9672
43.0819,-87.90494
43.08971,-88.01117
43.05159,-87.997
43.0457,-87.99724
43.08502,-87.92617
43.01659,-88.00025
43.07502,-87.93766
42.90085,-87.86568
42.95922,-87.995
43.06044,-87.922
43.00274,-88.03975
43.00278,-87.91158
43.05304,-87.89783
42.98838,-87.92859
42.93135,-87.93413
42.98794,-88.04305
42.9991,-87.92837
43.0709,-87.87824
42.95924,-87.94398
42.95938,-88.01864
43.01249,-87.91861
43.03404,-87.91152
43.06066,-87.98993
43.0675,-87.91433
43.02181,-87.95784
42.97983,-87.98273
42.97751,-88.00816
43.00446,-87.99784
43.06805,-87.96765
43.06045,-87.94093
43.12644,-87.96594
42.96318,-87.88739
43.07524,-88.02488
43.02413,-88.01748
43.08149,-87.91979
43.00607,-88.02499
43.11873,-87.91157
42.97631,-87.98919
43.07257,-87.95425
43.00749,-87.93648
43.14503,-87.9557
42.90027,-87.91613
43.08945,-87.98674
43.13426,-87.99983
43.04268,-87.91462
42.97847,-87.89458
42.94039,-87.88001
43.11924,-87.94602
43.07629,-88.06636
43.05538,-87.91872
43.00285,-87.98647
43.01355,-88.02694
43.06074,-87.94974
43.07528,-87.95956
43.07521,-87.9822
43.02601,-88.01704
42.935,-87.92965
43.16694,-87.91177
43.09892,-88.05199
43.08732,-87.89773
42.97723,-87.9093
43.08037,-88.0275
43.08912,-87.90989
43.05506,-87.91837
43.06383,-87.88315
42.99907,-88.0073
42.94846,-87.86012
43.07744,-87.91527
43.06257,-87.8782
43.09939,-87.95017
42.95905,-87.86289
